First Name,Gender,Start Date,Last Login Time,Salary,Bonus %,Senior Management,Team,Days Off Remaining,Location,Employee ID,On-site
Douglas,Male,8/6/93,12:42 PM,97308,6.945,True,Marketing,8,Westbridge,EID2480001,No
Thomas,Male,3/31/96,6:53 AM,61933,4.17,True,,13,Harrowgate,EID2480002,Yes
Maria,Female,4/23/93,11:17 AM,130590,11.858,False,Finance,1,Silvermere,EID2480003,Yes
Jerry,Male,3/4/05,1:00 PM,138705,9.34,True,Finance,1,Blackthorn,EID2480004,No
Larry,Male,1/24/98,4:47 PM,101004,1.389,True,Client Services,16,Eldridge,EID2480005,Yes
Dennis,Male,4/18/87,1:35 AM,115163,10.125,False,Legal,20,Foxhaven,EID2480006,Yes
Ruby,Female,8/17/87,4:20 PM,65476,10.012,True,Product,13,Stonewick,EID2480007,No
KobeBean,Female,7/20/15,10:43 AM,45906,11.598,True,Goats,824,Los Angeles,EID2480008,Yes
Angela,Female,11/22/05,6:29 AM,95570,18.523,True,Engineering,16,Ravenwood,EID2480009,Yes
Frances,Female,8/8/02,6:51 AM,139852,7.524,True,Business Development,2,Ashborough,EID2480010,Yes
Louise,Female,8/12/80,9:01 AM,63241,15.132,True,,16,Greystone,EID2480011,No
Julie,Female,10/26/97,3:19 PM,102508,12.637,True,Legal,2,Pinevale,EID2480012,No
Brandon,Male,12/1/80,1:08 AM,112807,17.492,True,Human Resources,7,Oak Hollow,EID2480013,No
Gary,Male,1/27/08,11:40 PM,109831,5.831,False,Sales,12,Briarcliff,EID2480014,No
Kimberly,Female,1/14/99,7:13 AM,41426,14.543,True,Finance,14,Windmere,EID2480015,Yes
Lillian,Female,6/5/16,6:09 AM,59414,1.256,False,Product,2,Crestview,EID2480016,No
Jeremy,Male,9/21/10,5:56 AM,90370,7.369,False,Human Resources,5,Ironwood,EID2480017,No
Shawn,Male,12/7/86,7:45 PM,111737,6.414,False,Product,7,Lakeshore,EID2480018,Yes
Diana,Female,10/23/81,10:27 AM,132940,19.082,False,Client Services,10,Maplewood,EID2480019,Yes
Donna,Female,7/22/10,3:48 AM,81014,1.894,False,Product,3,Riversend,EID2480020,No
Lois,,4/22/95,7:18 PM,64714,4.934,True,Legal,19,Thornfield,EID2480021,Yes
Matthew,Male,9/5/95,2:12 AM,100612,13.645,False,Marketing,20,Willowdale,EID2480022,No
Joshua,,3/8/12,1:58 AM,90816,18.816,True,Client Services,15,Cedarpoint,EID2480023,No
,Male,6/14/12,4:19 PM,125792,5.042,,,17,Frosthaven,EID2480024,No
John,Male,7/1/92,10:08 PM,97950,13.873,False,Client Services,10,Duskwood,EID2480025,No
,Male,10/8/12,1:12 AM,37076,18.576,,Client Services,16,Emberfield,EID2480026,Yes
Craig,Male,2/27/00,7:45 AM,37598,7.757,True,Marketing,19,Hazelmoor,EID2480027,Yes
Scott,,7/11/91,6:58 PM,122367,5.218,False,Legal,13,Jadeport,EID2480028,Yes
Terry,Male,11/27/81,6:30 PM,124008,13.464,True,Client Services,1,Kestrel Bay,EID2480029,Yes
Benjamin,Male,1/26/05,10:06 PM,79529,7.008,True,Legal,6,Lindenvale,EID2480030,Yes
Christina,Female,8/6/02,1:19 PM,118780,9.096,True,Engineering,16,Mistwood,EID2480031,No
Joyce,,2/20/05,2:40 PM,88657,12.752,False,Product,14,Northridge,EID2480032,No
,Male,8/21/98,2:27 PM,122340,6.417,,,2,Oakenshaw,EID2480033,Yes
Jean,Female,12/18/93,9:07 AM,119082,16.18,False,Business Development,20,Pearlhaven,EID2480034,Yes
Jerry,Male,1/10/04,12:56 PM,95734,19.096,False,Client Services,4,Quarryville,EID2480035,Yes
Theresa,Female,10/10/06,1:12 AM,85182,16.675,False,Sales,17,Rosewood,EID2480036,Yes
Rachel,Female,2/16/09,8:47 PM,142032,12.599,False,Business Development,15,Shadowmere,EID2480037,No
Linda,Female,10/19/81,8:49 PM,57427,9.557,True,Client Services,16,Tidewell,EID2480038,No
Stephanie,Female,9/13/86,1:52 AM,36844,5.574,True,Business Development,10,Underwood,EID2480039,Yes
,Male,1/29/16,2:33 AM,122173,7.797,,Client Services,19,Vesperton,EID2480040,No
Michael,Male,10/10/08,11:25 AM,99283,2.665,True,Distribution,14,Whitestone,EID2480041,No
Christine,,6/28/15,1:08 AM,66582,11.308,True,Business Development,6,Yarrowdale,EID2480042,Yes
Beverly,Female,9/9/98,8:26 PM,121918,15.835,False,Legal,2,Amberfield,EID2480043,No
Marilyn,Female,12/7/80,3:16 AM,73524,5.207,True,Marketing,14,Bluehaven,EID2480044,No
Cynthia,Female,11/16/88,6:54 PM,145146,7.482,True,Product,18,Copperwick,EID2480045,No
Roger,Male,4/17/80,11:32 AM,88010,13.886,True,Sales,11,Driftwood,EID2480046,No
Bruce,Male,11/28/09,10:47 PM,114796,6.796,False,Finance,12,Evermere,EID2480047,Yes
Kathy,Female,6/22/05,4:51 AM,66820,9.0,True,Client Services,9,Fairmont,EID2480048,No
Clarence,Male,3/26/96,5:57 AM,93581,6.083,True,Business Development,19,Glenridge,EID2480049,No
Chris,,1/24/80,12:13 PM,113590,3.055,False,Sales,15,Hearthstone,EID2480050,No
Nancy,Female,9/23/00,8:05 AM,94976,13.83,True,Engineering,7,Ironvale,EID2480051,Yes
,,12/17/11,8:29 AM,41126,14.009,,Sales,5,Juniper Bay,EID2480052,Yes
Todd,Male,2/18/90,2:41 AM,49339,1.695,True,Human Resources,7,Kingsport,EID2480053,No
Alan,,3/3/14,1:28 PM,40341,17.578,True,Finance,12,Larkspur,EID2480054,Yes
Sara,Female,8/15/07,9:23 AM,83677,8.999,False,Engineering,20,Moonridge,EID2480055,Yes
Karen,Female,11/30/99,7:46 AM,102488,17.653,True,Product,13,Newhaven,EID2480056,Yes
Carl,Male,5/3/06,5:55 PM,130276,16.084,True,Finance,14,Oakridge,EID2480057,No
Henry,Male,6/26/96,1:44 AM,64715,15.107,True,Human Resources,13,Pinecrest,EID2480058,No
Theresa,Female,4/11/10,7:18 AM,72670,1.481,True,Engineering,6,Quail Hollow,EID2480059,Yes
Irene,Female,5/7/97,9:32 AM,66851,11.279,False,Engineering,2,Redmoor,EID2480060,Yes
Paula,,11/23/05,2:01 PM,48866,4.271,False,Distribution,16,Silverport,EID2480061,No
Denise,Female,11/6/01,12:03 PM,106862,3.699,False,Business Development,9,Thistlewood,EID2480062,Yes
,Female,6/12/07,5:25 PM,58112,19.414,,Marketing,20,Upland,EID2480063,Yes
Matthew,Male,1/2/13,10:33 PM,35203,18.04,False,Human Resources,3,Vinemont,EID2480064,No
Kathleen,,4/11/90,6:46 PM,77834,18.771,False,Business Development,13,Wynthorp,EID2480065,No
Steve,Male,11/11/09,11:44 PM,61310,12.428,True,Distribution,20,Xenwood,EID2480066,Yes
Nancy,Female,12/15/12,11:57 PM,125250,2.672,True,Business Development,8,Yellowford,EID2480067,Yes
Rachel,Female,8/16/99,6:53 AM,51178,9.735,True,Finance,9,Zephyr Hills,EID2480068,Yes
Jose,Male,10/30/04,1:39 PM,84834,14.33,True,Finance,19,Brambleton,EID2480069,Yes
Irene,,7/14/15,4:31 PM,100863,4.382,True,Finance,9,Cloudmere,EID2480070,No
Todd,,6/10/03,2:26 PM,84692,6.617,False,Client Services,14,Dawnwood,EID2480071,No
Johnny,Male,11/6/09,4:23 PM,118172,16.194,True,Sales,8,Eastwick,EID2480072,No
Bobby,Male,5/7/07,10:01 AM,54043,3.833,False,Product,6,Fernvale,EID2480073,Yes
Frances,Female,4/4/99,4:19 PM,90582,4.709,True,Sales,1,Goldcrest,EID2480074,No
Thomas,Male,6/4/95,2:24 PM,62096,17.029,False,Marketing,20,Harborview,EID2480075,Yes
Bonnie,Female,7/2/91,1:27 AM,104897,5.118,True,Human Resources,4,Inverness,EID2480076,No
Margaret,Female,9/10/88,12:42 PM,131604,7.353,True,Distribution,5,Jadecliff,EID2480077,No
Charles,Male,9/14/04,8:13 PM,107391,1.26,True,Marketing,4,Knollwood,EID2480078,No
Robin,Female,6/4/83,3:15 PM,114797,5.965,True,Sales,2,Lonepine,EID2480079,No
Bonnie,Female,11/13/88,3:30 PM,115814,4.99,False,Product,13,Meadowbrook,EID2480080,Yes
Gerald,,3/17/95,12:50 AM,137126,15.602,True,Sales,7,Nettleford,EID2480081,Yes
Christopher,Male,3/30/08,10:52 AM,47369,14.822,False,Legal,3,Oakhaven,EID2480082,Yes
Steven,Male,3/30/80,9:20 PM,35095,8.379,True,Client Services,2,Pineridge,EID2480083,No
Shawn,Male,9/23/05,2:55 AM,148115,6.539,True,Finance,3,Quartzville,EID2480084,No
Doris,Female,8/20/04,5:51 AM,83072,7.511,False,Finance,15,Rockhaven,EID2480085,Yes
Jeremy,Male,2/1/08,8:50 AM,100238,3.887,True,Client Services,15,Sandmere,EID2480086,No
Annie,,9/29/07,12:11 AM,103495,17.29,True,Business Development,2,Timberlake,EID2480087,Yes
Annie,Female,1/30/93,2:05 AM,144887,8.276,True,Sales,10,Umberton,EID2480088,Yes
Donna,Female,11/27/91,1:59 PM,64088,6.155,True,Legal,5,Valeview,EID2480089,No
Janice,Female,3/12/16,12:40 AM,51082,11.955,False,Legal,20,Wintermere,EID2480090,Yes
Janice,,8/21/97,5:12 AM,91719,11.583,True,Legal,11,Alderwood,EID2480091,Yes
James,,1/26/05,11:00 PM,128771,8.309,False,,10,Birchfield,EID2480092,Yes
Linda,Female,5/25/00,5:45 PM,119009,12.506,True,Business Development,18,Canyonview,EID2480093,Yes
Virginia,,5/7/94,5:58 PM,111858,1.601,True,Legal,11,Deerfield,EID2480094,Yes
Harry,Male,8/26/81,3:16 PM,130620,7.03,False,Legal,18,Elmwood,EID2480095,Yes
Heather,Female,7/11/98,2:17 PM,43026,14.166,False,Client Services,3,Fallowfield,EID2480096,Yes
Cynthia,Female,3/21/94,8:34 AM,142321,1.737,False,Finance,20,Greenvale,EID2480097,No
Laura,,7/19/14,9:23 PM,140371,10.62,True,Marketing,7,Hawthorn,EID2480098,No
Tina,Female,6/16/16,7:47 PM,100705,16.961,True,Marketing,13,Ironbridge,EID2480099,No
Harold,Male,1/2/85,9:40 PM,77544,12.447,False,Business Development,18,Juniperwood,EID2480100,Yes
Melissa,Female,6/21/05,6:33 AM,48109,14.995,False,Finance,15,Kettleford,EID2480101,No
Aaron,Male,2/17/12,10:20 AM,61602,11.849,True,Marketing,14,Larchmont,EID2480102,Yes
Jack,Male,1/12/97,5:51 AM,103902,12.159,False,Client Services,3,Mosswood,EID2480103,Yes
Phyllis,Female,10/11/96,9:30 PM,136984,8.932,True,Finance,6,Nighthollow,EID2480104,No
John,Male,12/23/89,7:01 AM,80740,19.305,False,Marketing,3,Orchard Vale,EID2480105,No
Kathy,Female,3/9/96,4:33 AM,91712,8.567,False,Finance,14,Pebbleford,EID2480106,Yes
Paul,Male,8/4/93,7:25 PM,42146,3.046,False,Legal,10,Quarry Ridge,EID2480107,Yes
Steven,Male,4/23/13,10:12 PM,68680,16.565,False,Legal,12,Ravencliff,EID2480108,Yes
Russell,,5/5/88,7:57 AM,133980,12.396,True,Legal,8,Sablewood,EID2480109,Yes
Christopher,Male,4/22/00,10:15 AM,37919,11.449,False,,19,Thornwood,EID2480110,No
Shirley,Female,6/20/01,10:39 PM,147113,16.135,False,Legal,10,Uplands,EID2480111,No
Bonnie,Female,12/17/99,3:12 PM,42153,8.454,True,Business Development,13,Vesperwood,EID2480112,No
Willie,Male,11/27/03,6:21 AM,64363,4.023,False,Marketing,9,Wychwood,EID2480113,No
Tina,Female,6/12/09,7:16 AM,114767,3.711,True,Engineering,2,Yewdale,EID2480114,Yes
Ashley,Female,8/4/02,11:00 AM,58698,6.811,True,Business Development,3,Zionvale,EID2480115,No
Pamela,Female,7/1/82,6:51 AM,54585,4.166,False,Product,5,Ashenford,EID2480116,No
,Male,6/22/91,8:58 PM,76189,18.988,,Legal,20,Boulder Creek,EID2480117,No
Steven,Male,3/1/95,3:03 PM,109095,9.494,False,Finance,19,Cedarvale,EID2480118,No
Andrea,Female,1/12/12,5:43 AM,120204,9.557,False,Business Development,17,Drakewood,EID2480119,Yes
Paul,Male,6/3/08,3:05 PM,41054,12.299,False,Marketing,10,Ebonridge,EID2480120,No
Peter,Male,11/17/94,6:15 PM,84885,15.402,False,Business Development,4,Fawn Hollow,EID2480121,No
Kathleen,,5/9/16,8:55 AM,119735,18.74,False,Product,14,Glimmerport,EID2480122,No
Christina,Female,4/13/12,2:04 PM,110169,13.892,True,Engineering,14,Hollowmere,EID2480123,No
Helen,Female,11/29/01,2:30 AM,73789,14.841,True,Product,8,Ivory Bay,EID2480124,No
Marilyn,Female,11/16/83,8:29 AM,76078,2.401,True,Product,14,Jasperwood,EID2480125,Yes
Patricia,Female,9/1/03,6:46 AM,49368,14.226,False,Human Resources,15,Kingsmere,EID2480126,No
Michelle,Female,3/30/84,6:43 PM,57325,17.179,True,Human Resources,12,Lindenwood,EID2480127,Yes
William,Male,9/29/02,4:09 PM,66521,5.83,False,Human Resources,2,Marbleton,EID2480128,No
Kenneth,Male,8/25/87,9:16 PM,127654,16.439,True,Client Services,9,Nexusville,EID2480129,Yes
Antonio,Male,10/25/88,1:50 PM,60866,13.101,True,Business Development,8,Owlwood,EID2480130,Yes
Shirley,Female,5/1/84,1:15 PM,41334,6.219,True,Human Resources,1,Palehaven,EID2480131,Yes
Rebecca,Female,7/10/92,12:23 AM,94231,17.517,False,Product,19,Quillford,EID2480132,No
Carlos,Male,1/4/95,7:02 AM,146670,10.763,False,Human Resources,13,Rookwood,EID2480133,Yes
Lois,Female,12/25/87,4:16 PM,106317,2.235,True,Client Services,3,Slateport,EID2480134,No
Carolyn,Female,4/9/11,5:38 AM,109260,2.65,True,Business Development,13,Talonridge,EID2480135,No
Gloria,Female,6/29/07,5:34 AM,134148,8.833,True,Legal,3,Umberwood,EID2480136,No
Henry,Male,4/24/95,4:18 AM,43542,19.687,False,Legal,18,Virewood,EID2480137,Yes
Adam,Male,5/21/11,1:45 AM,95327,15.12,False,Distribution,17,Wrenvale,EID2480138,Yes
Ashley,Female,5/25/06,11:30 AM,112238,6.03,True,Engineering,14,Xanderford,EID2480139,Yes
,Female,10/3/90,1:08 AM,132373,10.527,,,7,Yarrowwood,EID2480140,Yes
Shirley,Female,2/28/81,1:23 PM,113850,1.854,False,Marketing,10,Zephyrwood,EID2480141,Yes
Adam,Male,12/24/90,8:57 PM,110194,14.727,True,Product,9,Bramblewood,EID2480142,No
Elizabeth,Female,10/9/03,5:53 PM,146129,5.687,False,Finance,17,Cinderford,EID2480143,Yes
Teresa,,1/28/16,10:55 AM,140013,8.689,True,Engineering,20,Duskport,EID2480144,No
Nicole,,3/5/82,2:28 PM,122717,12.452,False,Sales,12,Eldermoor,EID2480145,No
Jennifer,Female,4/4/09,10:47 PM,71715,13.079,True,Client Services,1,Fellwood,EID2480146,No
Patricia,Female,11/25/92,2:24 AM,95322,4.15,False,Product,8,Galehaven,EID2480147,No
Philip,Male,7/17/08,1:30 PM,89227,3.996,False,Legal,20,Hazelwood,EID2480148,No
Patrick,,7/14/91,2:24 AM,124488,14.837,True,Sales,11,Ironcliff,EID2480149,No
,Female,8/17/14,2:00 PM,86230,8.578,,Distribution,7,Jadehaven,EID2480150,No
Sean,Male,5/4/96,8:59 PM,135490,19.934,False,Marketing,14,Kestrelwood,EID2480151,Yes
Brandon,,11/3/97,8:17 PM,121333,15.295,False,Business Development,19,Larkwood,EID2480152,No
Ruth,Female,8/19/99,4:03 AM,129297,8.067,True,Client Services,2,Mistport,EID2480153,Yes
Victor,,3/10/11,8:40 PM,84546,10.489,True,Finance,5,Nettlewood,EID2480154,No
Rebecca,Female,11/15/80,4:13 AM,85730,5.359,True,Product,1,Oakcliff,EID2480155,Yes
Marie,Female,3/16/03,12:12 AM,104058,17.695,True,Business Development,5,Pinehaven,EID2480156,No
Howard,Male,4/27/92,1:10 AM,105062,1.563,False,Human Resources,14,Quartzwood,EID2480157,Yes
,Female,7/27/05,8:32 AM,79536,14.443,,Product,8,Ravenport,EID2480158,Yes
Norma,Female,2/28/99,8:45 PM,114412,8.756,True,Marketing,8,Sablehaven,EID2480159,Yes
James,,11/22/83,10:52 PM,68501,14.316,False,Marketing,14,Thorncliff,EID2480160,No
Kathy,Female,3/18/00,7:26 PM,149563,16.991,True,Finance,19,Upland Wood,EID2480161,Yes
Marilyn,,8/22/99,9:09 AM,103386,11.451,False,Distribution,3,Vespercliff,EID2480162,No
Arthur,Male,4/13/98,11:28 AM,89786,14.422,True,Legal,11,Wynthaven,EID2480163,Yes
Terry,Male,9/3/90,9:15 PM,52226,19.135,False,Client Services,1,Xencliff,EID2480164,Yes
Mary,Female,8/13/99,1:03 AM,134645,18.197,False,Business Development,3,Yellowwood,EID2480165,No
,Female,3/23/14,1:28 PM,59148,9.061,,Legal,1,Zionwood,EID2480166,No
,Female,7/9/91,6:52 PM,42341,7.014,,Sales,19,Ambercliff,EID2480167,No
Christopher,Male,12/24/11,12:22 PM,142178,17.984,True,Sales,13,Bluewood,EID2480168,No
Peter,,9/3/87,5:59 PM,38989,7.017,True,Marketing,10,Copperwood,EID2480169,No
Michelle,Female,11/4/96,9:34 PM,53754,5.455,True,Product,13,Driftcliff,EID2480170,No
Irene,Female,1/29/92,11:36 AM,133772,19.02,True,Sales,13,Everwood,EID2480171,No
Patrick,Male,8/17/07,3:16 AM,143499,17.495,True,Engineering,20,Fairwood,EID2480172,Yes
Sara,Female,9/23/91,6:17 PM,97058,9.402,False,Finance,10,Glenwood,EID2480173,No
Lillian,Female,12/21/08,6:51 PM,85446,3.959,True,Engineering,14,Hearthwood,EID2480174,No
,,9/18/07,6:59 PM,40297,6.185,,Client Services,8,Ironhaven,EID2480175,No
Willie,Male,2/17/98,8:20 PM,146651,1.451,True,Engineering,3,Junipercliff,EID2480176,No
Victor,Male,1/8/03,1:02 PM,124486,10.166,False,Product,6,Kingswood,EID2480177,Yes
Wayne,Male,4/7/12,8:00 AM,102652,14.085,True,Distribution,4,Larkhaven,EID2480178,No
Jane,Female,9/3/97,2:01 AM,144474,17.648,False,Product,14,Moonwood,EID2480179,Yes
Jessica,Female,10/23/95,5:53 AM,68759,19.343,True,Finance,10,Newwood,EID2480180,No
Mark,Male,4/12/08,5:40 PM,57286,5.025,True,Business Development,17,Oakwood,EID2480181,Yes
Randy,Male,11/14/99,12:12 PM,58129,1.952,True,Distribution,14,Pinewood,EID2480182,No
Lillian,Female,6/19/99,4:44 PM,123940,12.184,True,Business Development,12,Quailwood,EID2480183,Yes
Ruth,,5/18/99,5:56 AM,98233,2.518,True,Distribution,20,Redwood,EID2480184,No
Jerry,Male,12/18/03,6:46 AM,140810,9.177,True,Client Services,18,Silverwood,EID2480185,No
Sandra,Female,1/19/83,7:25 AM,42090,8.842,True,Legal,10,Thistlecliff,EID2480186,No
,Female,2/23/05,9:50 PM,149654,1.825,,Sales,17,Uplands Wood,EID2480187,Yes
Roger,Male,11/19/04,3:55 PM,51430,6.46,False,Marketing,5,Vinewood,EID2480188,Yes
Charles,Male,10/14/00,9:40 PM,71749,15.931,False,Legal,9,Wynthwood,EID2480189,No
Clarence,Male,5/2/98,3:16 AM,85700,1.215,False,Sales,5,Xenwood,EID2480190,Yes
Carol,Female,3/19/96,3:39 AM,57783,9.129,False,Finance,4,Yellowcliff,EID2480191,Yes
Lois,Female,10/18/13,4:51 PM,36946,6.652,False,Engineering,3,Zephyrcliff,EID2480192,No
Barbara,,5/3/03,7:32 PM,99326,16.475,True,Legal,16,Ashcliff,EID2480193,Yes
Rebecca,Female,2/18/95,6:50 AM,109259,4.443,True,Legal,1,Boulderwood,EID2480194,Yes
Irene,Female,1/30/04,8:25 PM,131038,8.996,False,Distribution,13,Cedarcliff,EID2480195,No
Ronald,Male,4/30/14,2:19 PM,121068,12.757,True,Product,18,Drakehaven,EID2480196,Yes
Steven,Male,11/10/85,10:53 AM,62719,19.127,False,Client Services,19,Ebonwood,EID2480197,Yes
Carolyn,Female,11/6/12,3:51 AM,69268,3.031,False,Client Services,6,Fawnwood,EID2480198,Yes
Maria,Female,12/27/90,9:57 PM,36067,9.64,True,Product,16,Glimmerwood,EID2480199,No
Jonathan,Male,7/17/09,8:15 AM,130581,16.736,True,,7,Hollowwood,EID2480200,No
Gary,Male,8/12/87,12:04 AM,89661,8.525,False,Finance,15,Ivorywood,EID2480201,Yes
Kimberly,Female,7/15/97,5:57 AM,36643,7.953,False,Marketing,2,Jaspercliff,EID2480202,No
Roger,Male,11/8/82,2:32 AM,140558,5.084,True,Sales,19,Kingscliff,EID2480203,Yes
Diana,Female,1/4/13,7:53 AM,103521,2.784,True,Business Development,11,Lindencliff,EID2480204,No
Willie,Male,6/6/06,9:45 AM,55281,4.935,True,Marketing,10,Marblewood,EID2480205,Yes
Brandon,Male,3/27/06,5:54 PM,115711,8.012,True,Finance,1,Nexuswood,EID2480206,Yes
Patricia,Female,12/6/12,4:01 AM,114079,8.399,True,Client Services,16,Owlcliff,EID2480207,No
Katherine,Female,11/14/99,8:15 AM,57531,1.767,False,Client Services,14,Palecliff,EID2480208,No
Jonathan,Male,10/12/87,2:59 AM,141069,4.903,False,Human Resources,8,Quillwood,EID2480209,Yes
Emily,Female,9/20/07,11:25 AM,89434,11.295,False,Engineering,4,Rookcliff,EID2480210,Yes
Ruth,Female,8/12/86,7:29 PM,44639,9.148,True,Legal,3,Slatewood,EID2480211,Yes
Linda,Female,6/24/06,12:04 PM,110967,19.612,True,Human Resources,18,Talonwood,EID2480212,Yes
Lisa,Female,11/2/09,9:42 AM,115387,1.821,False,Client Services,18,Umbercliff,EID2480213,No
Evelyn,Female,5/24/80,11:10 PM,81673,15.364,True,Engineering,1,Virecliff,EID2480214,Yes
Julie,Female,7/23/89,1:52 PM,109588,3.55,False,Engineering,12,Wrenwood,EID2480215,No
Mary,Female,5/30/09,11:41 PM,92544,3.8,False,Client Services,4,Xandercliff,EID2480216,No
Matthew,Male,7/31/13,8:04 AM,142373,2.462,False,Marketing,7,Yarrowcliff,EID2480217,Yes
Douglas,Male,9/3/99,4:00 PM,83341,1.015,True,Client Services,15,Zephyrvale,EID2480218,Yes
Gregory,,6/15/92,5:08 AM,98865,10.628,True,Finance,20,Bramblecliff,EID2480219,No
Billy,Male,3/13/95,12:05 PM,120444,7.768,True,Finance,13,Cinderwood,EID2480220,No
,Female,6/17/91,12:49 PM,71945,5.56,,Marketing,14,Duskcliff,EID2480221,Yes
Gregory,Male,1/29/00,6:01 AM,109564,3.845,False,Legal,10,Eldwood,EID2480222,No
Jason,Male,10/17/99,10:09 PM,78417,3.067,False,Finance,14,Fellcliff,EID2480223,Yes
Daniel,Male,4/30/10,3:48 AM,106947,15.866,True,Legal,4,Galecliff,EID2480224,No
Sarah,Female,9/14/95,7:50 AM,87298,2.311,False,Distribution,15,Hazelcliff,EID2480225,Yes
Harry,Male,10/1/15,7:47 PM,64579,15.266,True,Sales,9,Ironwood,EID2480226,Yes
Kathy,Female,4/19/95,12:46 AM,50905,9.404,True,Finance,10,Jadecliff,EID2480227,Yes
Todd,Male,4/13/99,10:31 AM,59728,11.226,True,Client Services,9,Kestrelcliff,EID2480228,No
Bobby,Male,9/23/94,1:29 AM,51685,17.445,True,Engineering,15,Larkcliff,EID2480229,Yes
Jeremy,Male,6/8/00,12:15 AM,49542,1.679,True,Distribution,1,Mistcliff,EID2480230,Yes
George,,2/24/88,11:29 AM,38375,8.999,False,Legal,14,Nettlecliff,EID2480231,Yes
Diane,Female,4/18/93,3:22 AM,64084,17.018,False,Product,2,Oakcliff,EID2480232,No
Marilyn,Female,4/4/97,9:28 PM,147663,10.263,False,Human Resources,15,Pinecliff,EID2480233,No
Kathryn,Female,2/4/04,1:47 PM,73935,14.752,False,Sales,5,Quartzcliff,EID2480234,Yes
Irene,Female,2/4/82,5:26 PM,40837,12.182,True,Client Services,18,Ravencliff,EID2480235,Yes
Norma,Female,2/11/15,11:44 PM,94393,3.643,True,Engineering,15,Sablecliff,EID2480236,No
Laura,Female,4/2/06,1:57 PM,42087,2.624,False,Product,10,Thorncliff,EID2480237,No
Cheryl,Female,9/23/08,2:57 AM,52080,9.375,False,Legal,10,Uplandcliff,EID2480238,No
Kevin,Male,3/25/82,7:31 AM,35061,5.128,False,Legal,12,Vespercliff,EID2480239,Yes
Lillian,,5/12/16,3:43 PM,64164,17.612,False,Human Resources,20,Wynthcliff,EID2480240,Yes
Phyllis,,4/21/84,7:05 PM,94088,19.107,False,Distribution,11,Xencliff,EID2480241,No
Walter,Male,7/6/83,11:54 PM,127813,5.961,False,Finance,16,Yellowcliff,EID2480242,Yes
Robert,Male,10/27/90,7:15 PM,38041,18.428,True,Engineering,8,Zioncliff,EID2480243,No
Jimmy,Male,10/7/86,5:53 PM,126310,5.413,True,Product,17,Westbridge,EID2480244,No
Clarence,Male,10/8/96,12:53 PM,142561,8.866,False,Client Services,13,Harrowgate,EID2480245,No
Victor,Male,4/11/91,7:44 AM,70817,17.138,False,Engineering,20,Silvermere,EID2480246,Yes
Fred,,12/2/84,2:03 PM,59937,12.045,True,Human Resources,18,Blackthorn,EID2480247,Yes
Brenda,,7/27/10,11:07 PM,106115,3.742,True,Product,13,Eldridge,EID2480248,No
Justin,Male,12/6/92,5:58 PM,82782,4.366,True,Distribution,3,Foxhaven,EID2480249,Yes
Betty,Female,6/12/02,3:59 AM,104896,19.55,True,Business Development,3,Stonewick,EID2480250,Yes
Randy,,2/6/86,3:04 PM,133943,8.94,True,Sales,17,Clearmont,EID2480251,Yes
Sharon,,3/1/90,3:46 AM,83658,6.513,False,Business Development,12,Ravenwood,EID2480252,No
Ralph,Male,11/11/04,1:35 AM,71896,4.232,True,Marketing,6,Ashborough,EID2480253,Yes
,,4/28/03,3:01 AM,113732,10.391,,Sales,14,Greystone,EID2480254,No
Edward,Male,5/27/85,10:13 PM,110485,7.995,False,Client Services,7,Pinevale,EID2480255,Yes
Denise,Female,3/20/09,7:57 AM,115118,5.108,False,Human Resources,2,Oak Hollow,EID2480256,No
Debra,Female,3/13/98,11:16 PM,48696,4.75,False,Legal,16,Briarcliff,EID2480257,Yes
,Male,11/25/99,6:16 AM,42676,15.517,,Sales,2,Windmere,EID2480258,Yes
Michael,Male,1/24/02,3:04 AM,43586,12.659,False,,14,Crestview,EID2480259,Yes
Henry,Male,2/6/95,8:34 AM,89258,15.585,True,Human Resources,6,Ironwood,EID2480260,Yes
Gloria,Female,3/27/07,1:44 AM,90730,2.491,False,Distribution,4,Lakeshore,EID2480261,No
Marie,Female,8/6/95,1:58 PM,100308,13.677,False,Product,11,Maplewood,EID2480262,No
Anne,Female,7/16/86,2:08 PM,69134,3.723,True,Engineering,5,Riversend,EID2480263,Yes
Sarah,,11/21/85,1:08 PM,58295,14.603,True,Engineering,11,Thornfield,EID2480264,No
Stephanie,Female,3/24/83,11:15 AM,50141,13.218,True,Human Resources,4,Willowdale,EID2480265,No
Roy,Male,9/23/04,1:31 PM,101941,3.45,False,Client Services,9,Cedarpoint,EID2480266,No
,Female,8/5/09,8:14 AM,115145,14.063,,Distribution,13,Frosthaven,EID2480267,Yes
,Male,2/4/05,1:01 PM,40451,16.044,,Distribution,4,Duskwood,EID2480268,No
Irene,Female,3/3/82,8:26 AM,56526,5.81,True,Finance,12,Emberfield,EID2480269,No
,Female,8/2/92,8:35 PM,145316,18.517,,Human Resources,5,Hazelmoor,EID2480270,Yes
Thomas,Male,4/6/11,1:04 PM,103235,9.554,True,Human Resources,14,Jadeport,EID2480271,No
Frank,,11/20/01,10:18 AM,58563,12.062,True,Marketing,18,Kestrel Bay,EID2480272,Yes
Fred,Male,2/20/80,2:25 AM,74129,18.225,False,Product,19,Lindenvale,EID2480273,No
Nicholas,Male,4/12/94,8:21 PM,74669,1.113,True,Product,4,Mistwood,EID2480274,Yes
Howard,Male,10/5/82,7:22 AM,97490,5.46,True,Marketing,11,Northridge,EID2480275,Yes
Debra,Female,2/22/94,10:25 PM,104250,18.456,True,Business Development,2,Oakenshaw,EID2480276,No
Christine,Female,7/3/89,4:01 AM,94345,11.996,False,Finance,18,Pearlhaven,EID2480277,Yes
Brenda,,5/29/91,6:32 AM,82439,19.062,False,Sales,10,Quarryville,EID2480278,No
Betty,Female,6/28/05,6:03 PM,51613,12.984,False,Distribution,11,Rosewood,EID2480279,No
Ruby,Female,11/8/00,7:35 PM,105946,1.139,False,Business Development,12,Shadowmere,EID2480280,Yes
Kevin,Male,7/12/97,2:07 AM,46080,9.635,False,Business Development,15,Tidewell,EID2480281,No
Arthur,Male,1/1/14,7:46 PM,134610,6.147,True,Human Resources,10,Underwood,EID2480282,Yes
Carl,,2/7/14,3:57 AM,125104,12.345,False,Client Services,13,Vesperton,EID2480283,No
Todd,Male,3/11/09,3:43 AM,107281,1.612,True,Engineering,12,Whitestone,EID2480284,No
Brenda,Female,10/6/05,9:33 PM,141521,4.337,False,Client Services,1,Yarrowdale,EID2480285,No
Judy,Female,9/16/97,12:10 AM,65931,2.304,False,Human Resources,13,Amberfield,EID2480286,No
Todd,Male,2/2/84,10:13 AM,69989,10.985,True,Finance,6,Bluehaven,EID2480287,No
Lois,Female,11/9/11,7:06 AM,147183,9.999,True,Client Services,16,Copperwick,EID2480288,No
Walter,,12/21/99,10:33 PM,66757,18.099,False,Distribution,10,Driftwood,EID2480289,No
Jessica,Female,9/27/85,1:35 PM,75145,6.388,True,Legal,5,Evermere,EID2480290,No
Jeremy,Male,6/14/88,6:20 PM,129460,13.657,True,,10,Fairmont,EID2480291,No
Tammy,Female,11/11/84,10:30 AM,132839,17.463,True,Client Services,16,Glenridge,EID2480292,No
Anne,Female,3/7/00,6:45 AM,44537,18.284,True,Client Services,19,Hearthstone,EID2480293,Yes
Jesse,Male,10/25/99,3:35 PM,118733,9.653,False,Marketing,8,Ironvale,EID2480294,Yes
Virginia,Female,10/20/99,6:23 AM,46905,19.154,False,Distribution,6,Juniper Bay,EID2480295,Yes
Jesse,Male,3/2/81,7:26 PM,79582,3.873,False,Legal,11,Kingsport,EID2480296,Yes
Jeremy,,11/10/96,1:49 PM,55394,3.18,True,Sales,14,Larkspur,EID2480297,Yes
Daniel,Male,9/15/07,10:16 PM,123811,7.664,True,Human Resources,3,Moonridge,EID2480298,No
Patrick,,8/30/04,11:43 AM,137314,4.542,True,Marketing,11,Newhaven,EID2480299,No
Emily,Female,1/13/88,6:42 AM,36711,19.028,True,Human Resources,6,Oakridge,EID2480300,Yes
Alan,Male,6/26/88,3:54 AM,111786,3.592,True,Engineering,11,Pinecrest,EID2480301,No
James,Male,7/11/15,8:52 PM,72257,13.023,False,Engineering,19,Quail Hollow,EID2480302,Yes
Adam,Male,7/5/07,11:59 AM,71276,5.027,True,Human Resources,18,Redmoor,EID2480303,No
Joan,,7/25/80,12:22 PM,38712,3.657,False,Client Services,8,Silverport,EID2480304,No
Jeremy,Male,8/12/81,12:05 AM,46930,18.702,True,Finance,17,Thistlewood,EID2480305,No
Margaret,Female,2/6/93,1:05 PM,125220,3.733,False,Marketing,12,Upland,EID2480306,Yes
Mark,Male,4/1/84,1:21 PM,121477,17.44,True,Business Development,11,Vinemont,EID2480307,Yes
Marilyn,Female,9/26/81,2:23 AM,86386,2.937,False,Distribution,4,Wynthorp,EID2480308,Yes
Cheryl,Female,9/8/09,10:16 AM,81308,2.196,True,Legal,17,Xenwood,EID2480309,Yes
Benjamin,Male,9/11/84,6:37 AM,84810,15.794,False,Marketing,19,Yellowford,EID2480310,No
Harold,Male,2/20/90,11:00 PM,66775,2.158,True,Legal,10,Zephyr Hills,EID2480311,Yes
Ernest,,1/18/02,1:51 AM,72145,13.448,True,Finance,3,Brambleton,EID2480312,Yes
Gerald,Male,4/16/01,10:09 PM,121604,1.923,True,Sales,19,Cloudmere,EID2480313,No
Judy,Female,7/1/91,2:33 AM,109510,13.457,True,Legal,14,Dawnwood,EID2480314,No
Bobby,Male,3/31/96,5:40 PM,112117,6.338,False,,7,Eastwick,EID2480315,Yes
Bobby,,9/1/95,2:09 PM,108127,15.858,False,Client Services,9,Fernvale,EID2480316,Yes
Marie,Female,10/3/13,8:05 PM,123711,10.966,False,Product,18,Goldcrest,EID2480317,No
Kathy,Female,12/18/13,3:09 PM,132381,8.34,False,Business Development,12,Harborview,EID2480318,Yes
Roy,Male,8/6/06,7:52 AM,148225,1.841,False,Finance,13,Inverness,EID2480319,No
Jacqueline,Female,11/25/81,3:01 PM,145988,18.243,False,Marketing,12,Jadecliff,EID2480320,No
,Female,7/8/08,11:40 PM,62960,14.356,,Sales,3,Knollwood,EID2480321,No
Julie,Female,3/23/86,9:26 AM,56926,7.507,False,Sales,12,Lonepine,EID2480322,Yes
Douglas,Male,1/8/02,6:42 PM,41428,14.372,False,Product,1,Meadowbrook,EID2480323,No
Linda,Female,12/16/90,2:20 AM,115658,3.041,True,Sales,14,Nettleford,EID2480324,No
Ruby,Female,12/10/88,8:27 PM,76707,6.031,False,Business Development,16,Oakhaven,EID2480325,Yes
Russell,Male,1/2/05,1:48 AM,60388,17.885,False,Client Services,5,Pineridge,EID2480326,No
Jeffrey,Male,6/18/97,8:01 PM,45150,12.075,True,Product,14,Quartzville,EID2480327,Yes
Aaron,Male,1/29/94,6:48 PM,58755,5.097,True,Marketing,10,Rockhaven,EID2480328,No
Samuel,Male,12/19/91,2:54 AM,76076,5.319,True,Finance,6,Sandmere,EID2480329,No
,Male,1/27/10,2:57 AM,87760,14.987,,Engineering,2,Timberlake,EID2480330,No
Randy,Male,3/16/14,6:24 PM,135119,7.887,False,Client Services,3,Umberton,EID2480331,Yes
Evelyn,Female,9/3/83,1:58 PM,36759,17.269,True,Marketing,3,Valeview,EID2480332,No
Fred,Male,2/13/87,2:15 PM,121723,18.645,True,Product,11,Wintermere,EID2480333,Yes
Shirley,Female,6/8/86,2:25 AM,110061,7.494,False,Client Services,8,Alderwood,EID2480334,Yes
Todd,Male,5/23/11,4:14 PM,85074,1.844,False,Client Services,11,Birchfield,EID2480335,No
Robert,Male,11/18/14,5:00 AM,85799,19.93,False,Finance,4,Canyonview,EID2480336,No
Mark,Male,1/22/07,2:37 PM,75150,12.182,True,Legal,5,Deerfield,EID2480337,Yes
Earl,Male,1/5/00,5:46 PM,91344,4.035,True,Sales,15,Elmwood,EID2480338,Yes
Richard,Male,9/27/05,1:41 AM,86326,10.717,False,Product,9,Fallowfield,EID2480339,Yes
Michael,Male,11/22/91,12:57 PM,98753,16.443,True,Human Resources,17,Greenvale,EID2480340,Yes
Steven,Male,5/12/09,2:14 PM,113060,2.846,True,Sales,11,Hawthorn,EID2480341,Yes
Carlos,Male,9/19/07,1:01 AM,77327,11.58,True,Finance,3,Ironbridge,EID2480342,No
Marie,Female,10/20/11,10:09 PM,62666,10.247,False,Product,4,Juniperwood,EID2480343,Yes
Ronald,Male,2/24/09,2:09 PM,96633,4.99,True,Engineering,10,Kettleford,EID2480344,Yes
Scott,Male,5/12/09,4:36 AM,58248,3.914,False,Business Development,11,Larchmont,EID2480345,No
Steven,Male,11/21/06,8:30 AM,83706,6.96,True,Human Resources,14,Mosswood,EID2480346,No
James,Male,11/22/98,3:48 AM,74086,5.778,True,Human Resources,10,Nighthollow,EID2480347,No
Lori,Female,3/31/88,10:59 PM,95389,14.223,False,Sales,7,Orchard Vale,EID2480348,No
Philip,Male,8/2/89,11:21 AM,129968,19.897,False,Finance,13,Pebbleford,EID2480349,No
Phyllis,Female,11/24/05,11:57 PM,140347,8.723,False,Sales,5,Quarry Ridge,EID2480350,Yes
Thomas,,8/31/95,8:31 PM,41549,3.95,False,Sales,3,Ravencliff,EID2480351,Yes
Cynthia,Female,12/3/12,11:03 PM,74287,10.751,False,Sales,8,Sablewood,EID2480352,Yes
,Male,10/9/11,9:29 AM,69906,4.844,,Engineering,20,Thornwood,EID2480353,No
,Male,4/22/97,9:36 PM,65078,3.095,,Marketing,3,Uplands,EID2480354,No
Elizabeth,Female,11/10/05,4:56 AM,106406,1.782,True,Legal,15,Vesperwood,EID2480355,Yes
Andrea,Female,9/14/03,10:30 PM,115913,12.121,False,Legal,18,Wychwood,EID2480356,No
Judy,Female,2/1/90,3:32 PM,38092,5.668,False,Distribution,2,Yewdale,EID2480357,Yes
Russell,Male,8/13/14,3:51 PM,121160,7.843,False,Engineering,3,Zionvale,EID2480358,No
Scott,Male,12/17/11,3:45 AM,90429,4.45,False,Product,12,Ashenford,EID2480359,Yes
Sarah,Female,5/22/94,7:06 AM,64207,7.824,True,Client Services,8,Boulder Creek,EID2480360,Yes
Susan,Female,9/25/04,1:30 AM,80688,18.892,True,Sales,14,Cedarvale,EID2480361,No
Margaret,Female,5/5/14,6:01 AM,55044,4.078,False,Sales,2,Drakewood,EID2480362,Yes
Joshua,Male,11/9/09,6:32 AM,72893,9.555,False,Distribution,9,Ebonridge,EID2480363,Yes
Justin,,4/15/05,8:43 PM,96978,13.865,False,Finance,17,Fawn Hollow,EID2480364,No
Juan,Male,4/16/02,11:09 PM,97364,3.595,False,Product,9,Glimmerport,EID2480365,Yes
Gloria,,7/19/83,1:57 AM,140885,1.113,False,Human Resources,17,Hollowmere,EID2480366,No
Jennifer,,1/24/89,8:38 PM,58520,16.231,True,Client Services,9,Ivory Bay,EID2480367,Yes
Edward,Male,8/4/89,6:06 AM,66067,10.957,True,,6,Jasperwood,EID2480368,No
Marilyn,Female,12/17/82,12:10 PM,147183,8.748,False,Business Development,16,Kingsmere,EID2480369,No
Mary,Female,10/18/09,6:32 PM,87721,12.484,False,Product,4,Lindenwood,EID2480370,Yes
Linda,Female,7/15/09,10:12 PM,144001,2.194,False,Business Development,4,Marbleton,EID2480371,No
Larry,Male,8/27/03,1:00 PM,91133,5.14,False,Sales,19,Nexusville,EID2480372,No
Albert,Male,2/1/97,4:20 PM,67827,19.717,True,Engineering,3,Owlwood,EID2480373,No
Kenneth,Male,4/13/99,10:28 PM,81839,12.072,False,Sales,20,Palehaven,EID2480374,No
,Female,12/31/06,11:02 PM,81444,3.171,,Distribution,4,Quillford,EID2480375,No
Gregory,,7/9/11,11:31 PM,137661,4.805,True,Sales,20,Rookwood,EID2480376,Yes
Brandon,Male,10/16/15,2:44 AM,112548,4.664,False,Engineering,4,Slateport,EID2480377,Yes
Stephen,Male,4/9/87,12:47 PM,111249,10.574,True,Human Resources,17,Talonridge,EID2480378,No
Russell,Male,10/30/94,5:46 AM,114334,9.669,False,Product,4,Umberwood,EID2480379,No
,Female,9/18/02,12:39 PM,118906,4.537,,Marketing,11,Virewood,EID2480380,Yes
Pamela,,7/15/01,1:33 PM,72979,5.66,False,Sales,11,Wrenvale,EID2480381,Yes
Scott,Male,8/3/96,1:50 AM,64172,10.894,True,Engineering,7,Xanderford,EID2480382,No
,Female,4/18/96,3:57 PM,107024,12.182,,,5,Yarrowwood,EID2480383,Yes
Carlos,Male,7/28/10,3:08 PM,50167,2.362,False,Product,1,Zephyrwood,EID2480384,No
Jack,Male,12/24/80,10:58 PM,106995,15.723,False,Product,15,Bramblewood,EID2480385,No
Debra,Female,1/19/10,8:48 AM,70492,8.895,False,Client Services,19,Cinderford,EID2480386,Yes
Phyllis,Female,1/15/95,5:27 AM,125881,16.697,False,Sales,10,Duskport,EID2480387,Yes
Robert,Male,10/29/94,4:26 AM,123294,19.894,False,Client Services,13,Eldermoor,EID2480388,Yes
Gloria,Female,9/19/89,7:40 PM,131045,11.312,True,Product,9,Fellwood,EID2480389,No
Sharon,,10/28/84,5:59 PM,97635,10.413,True,Client Services,13,Galehaven,EID2480390,No
Barbara,,4/26/01,12:22 AM,94493,13.443,True,Sales,3,Hazelwood,EID2480391,No
Marilyn,Female,8/15/89,9:14 AM,140502,9.989,True,Sales,9,Ironcliff,EID2480392,No
Ralph,Male,10/27/10,10:28 AM,106310,4.03,True,Client Services,19,Jadehaven,EID2480393,Yes
Harry,,12/5/96,5:45 AM,46240,6.976,True,Engineering,20,Kestrelwood,EID2480394,No
Robin,Female,1/8/98,2:12 AM,111163,5.025,True,Product,12,Larkwood,EID2480395,Yes
Kathy,Female,11/25/01,9:55 PM,93753,7.094,True,Sales,18,Mistport,EID2480396,Yes
Rose,Female,7/6/02,3:57 PM,63494,19.385,True,Human Resources,4,Nettlewood,EID2480397,No
Clarence,Male,1/13/05,9:00 AM,116693,13.835,True,Distribution,20,Oakcliff,EID2480398,No
Doris,Female,7/29/92,6:40 PM,85215,7.425,True,Human Resources,8,Pinehaven,EID2480399,Yes
Kathryn,Female,6/9/88,9:29 AM,86439,7.799,False,Finance,5,Quartzwood,EID2480400,Yes
Billy,,3/16/04,8:21 AM,62913,18.241,True,Marketing,15,Ravenport,EID2480401,Yes
Norma,Female,4/16/96,5:40 AM,38872,9.302,True,Business Development,14,Sablehaven,EID2480402,Yes
Richard,,11/28/92,5:05 PM,124655,14.272,True,Engineering,9,Thorncliff,EID2480403,Yes
Craig,Male,2/8/84,4:45 AM,113506,19.642,False,Marketing,13,Upland Wood,EID2480404,Yes
Sarah,,7/20/90,10:49 PM,109980,8.86,False,Sales,17,Vespercliff,EID2480405,Yes
Sharon,Female,3/9/14,4:39 PM,91522,7.564,False,Finance,20,Wynthaven,EID2480406,Yes
Mary,Female,8/22/10,8:03 AM,42214,17.538,True,Business Development,6,Xencliff,EID2480407,No
Steve,,2/23/02,3:55 AM,83159,9.55,True,Distribution,10,Yellowwood,EID2480408,Yes
Joe,Male,12/5/10,4:20 PM,144082,1.62,True,Client Services,14,Zionwood,EID2480409,No
Jeremy,Male,5/29/94,6:24 AM,47885,19.276,True,Human Resources,3,Ambercliff,EID2480410,Yes
Ernest,Male,8/14/12,11:25 AM,126232,6.191,True,Sales,11,Bluewood,EID2480411,Yes
Kevin,Male,6/23/81,8:26 PM,134598,11.699,False,Business Development,1,Copperwood,EID2480412,No
Jacqueline,Female,2/11/07,2:01 AM,66604,14.609,False,Legal,7,Driftcliff,EID2480413,No
Johnny,Male,9/14/92,8:21 AM,115194,5.861,True,Marketing,3,Everwood,EID2480414,No
Gary,Male,8/18/11,8:12 AM,49101,11.9,True,Business Development,1,Fairwood,EID2480415,Yes
Shirley,,11/16/90,6:01 PM,67811,12.699,False,Finance,18,Glenwood,EID2480416,No
,Male,6/29/08,5:23 AM,111043,5.966,,Distribution,12,Hearthwood,EID2480417,Yes
Sarah,,8/31/81,2:51 PM,37748,9.047,False,Human Resources,7,Ironhaven,EID2480418,Yes
Julia,Female,3/2/82,12:52 PM,36403,2.664,True,Finance,5,Junipercliff,EID2480419,No
Dorothy,Female,11/5/13,10:50 PM,140136,3.12,True,Business Development,18,Kingswood,EID2480420,Yes
Justin,Male,5/22/86,6:30 AM,121508,19.334,True,Finance,11,Larkhaven,EID2480421,No
Kevin,Male,11/20/86,6:59 PM,79906,18.021,True,Sales,20,Moonwood,EID2480422,No
Victor,Male,9/24/05,12:04 PM,123144,16.261,True,Product,16,Newwood,EID2480423,Yes
Deborah,Female,11/25/80,4:33 AM,46953,17.436,False,Client Services,2,Oakwood,EID2480424,No
Matthew,,6/9/03,7:35 AM,79443,14.637,False,Human Resources,14,Pinewood,EID2480425,No
Alice,Female,5/2/86,1:50 AM,51395,2.378,True,Finance,14,Quailwood,EID2480426,Yes
Todd,Male,3/16/16,2:45 PM,134408,3.56,True,Human Resources,10,Redwood,EID2480427,No
Frank,Male,1/10/81,1:30 PM,71853,8.037,True,Sales,18,Silverwood,EID2480428,No
Christopher,Male,5/13/99,10:48 AM,68028,7.869,True,Finance,1,Thistlecliff,EID2480429,Yes
Rose,Female,5/28/15,8:40 AM,149903,5.63,False,Human Resources,12,Uplands Wood,EID2480430,No
Andrea,Female,10/1/10,11:54 AM,79123,19.422,False,Distribution,8,Vinewood,EID2480431,Yes
Charles,Male,12/16/99,8:28 PM,104014,7.077,False,Legal,3,Wynthwood,EID2480432,Yes
Jessica,,3/7/15,8:45 PM,121160,12.993,False,Client Services,20,Xenwood,EID2480433,Yes
Wanda,Female,7/20/08,1:44 PM,65362,7.132,True,Legal,16,Yellowcliff,EID2480434,No
Joyce,Female,2/7/95,7:38 AM,50701,14.227,True,,15,Zephyrcliff,EID2480435,Yes
Billy,Male,12/1/06,3:32 PM,144709,10.069,True,Distribution,6,Ashcliff,EID2480436,Yes
Kathryn,Female,8/29/07,6:10 AM,53061,11.864,True,Finance,2,Boulderwood,EID2480437,No
Denise,Female,3/18/01,12:02 AM,36697,11.196,True,Sales,2,Cedarcliff,EID2480438,Yes
Jason,Male,11/20/98,2:54 PM,69244,6.22,True,,19,Drakehaven,EID2480439,Yes
Nicholas,Male,3/1/13,9:26 PM,101036,2.826,True,Human Resources,20,Ebonwood,EID2480440,Yes
Aaron,Male,7/22/90,2:53 PM,52119,11.343,True,Client Services,7,Fawnwood,EID2480441,No
Louise,Female,5/13/03,9:47 AM,46666,1.886,True,Business Development,16,Glimmerwood,EID2480442,Yes
Julie,Female,4/23/98,5:52 AM,73437,2.518,True,Finance,18,Hollowwood,EID2480443,No
Kathy,Female,5/8/87,6:19 PM,86318,18.492,True,Sales,2,Ivorywood,EID2480444,Yes
,Male,5/24/16,9:17 PM,76409,7.008,,Distribution,13,Jaspercliff,EID2480445,No
Chris,Male,12/12/06,1:57 AM,71642,1.496,False,,20,Kingscliff,EID2480446,Yes
Cheryl,Female,8/16/94,8:33 AM,67150,15.85,True,Marketing,5,Lindencliff,EID2480447,Yes
Gregory,Male,5/15/09,3:52 PM,142208,11.204,True,Engineering,11,Marblewood,EID2480448,No
Wayne,Male,1/30/92,3:01 PM,81183,17.066,False,Client Services,14,Nexuswood,EID2480449,Yes
Beverly,Female,11/30/05,2:57 AM,107163,3.665,True,Human Resources,8,Owlcliff,EID2480450,No
Willie,Male,8/22/09,1:03 PM,55038,19.691,False,Legal,3,Palecliff,EID2480451,No
Terry,,7/15/16,12:29 AM,140002,19.49,True,Marketing,16,Quillwood,EID2480452,Yes
Scott,Male,11/17/12,2:47 PM,146812,1.965,True,Marketing,19,Rookcliff,EID2480453,Yes
Annie,Female,12/19/94,6:19 AM,40119,4.338,True,Human Resources,5,Slatewood,EID2480454,No
,Male,2/21/95,12:26 AM,136602,10.429,,Marketing,20,Talonwood,EID2480455,Yes
Ruth,Female,10/24/00,4:13 AM,69579,18.029,True,Human Resources,13,Umbercliff,EID2480456,Yes
Deborah,,2/3/83,11:38 PM,101457,6.662,False,Engineering,19,Virecliff,EID2480457,Yes
Patricia,Female,1/9/15,4:16 AM,121232,16.624,False,Legal,4,Wrenwood,EID2480458,No
Albert,Male,9/30/07,5:34 PM,102626,15.843,False,Finance,17,Xandercliff,EID2480459,No
Charles,,3/1/87,1:00 PM,137171,5.574,True,Marketing,17,Yarrowcliff,EID2480460,Yes
Tina,Female,1/17/05,9:11 AM,88276,14.248,False,Legal,9,Zephyrvale,EID2480461,Yes
Jeremy,Male,8/9/01,3:56 AM,43354,13.946,False,Marketing,15,Bramblecliff,EID2480462,Yes
Craig,Male,4/14/96,9:17 AM,125556,7.996,False,Engineering,19,Cinderwood,EID2480463,Yes
Jose,Male,7/11/02,9:15 AM,59862,3.269,False,Product,9,Duskcliff,EID2480464,Yes
Lawrence,Male,5/13/05,1:25 AM,74640,18.641,False,Marketing,16,Eldwood,EID2480465,No
Helen,Female,10/31/97,2:43 AM,52875,4.188,False,Legal,13,Fellcliff,EID2480466,No
Walter,Male,8/4/07,1:59 PM,58789,5.461,False,Sales,6,Galecliff,EID2480467,No
Amy,Female,6/19/02,3:06 AM,122897,8.222,True,Engineering,18,Hazelcliff,EID2480468,No
Janice,Female,6/28/97,1:48 PM,136032,10.696,True,Marketing,8,Ironwood,EID2480469,Yes
Stephen,Male,5/9/15,7:07 PM,141958,9.078,True,Legal,7,Jadecliff,EID2480470,No
Ryan,Male,7/20/93,10:18 PM,139917,11.466,False,Distribution,11,Kestrelcliff,EID2480471,No
Sharon,Female,3/12/02,6:32 AM,147635,14.693,False,Human Resources,8,Larkcliff,EID2480472,Yes
Joshua,Male,7/10/84,7:22 PM,68230,8.047,False,Client Services,15,Mistcliff,EID2480473,Yes
Clarence,Male,8/20/92,8:23 PM,124365,8.457,False,Business Development,4,Nettlecliff,EID2480474,No
Jonathan,Male,8/15/02,12:01 AM,104749,11.364,False,Engineering,7,Oakcliff,EID2480475,No
Stephanie,Female,11/26/92,12:54 AM,122121,7.937,True,Engineering,1,Pinecliff,EID2480476,No
Kathy,Female,10/25/96,12:59 PM,143541,8.461,False,Human Resources,16,Quartzcliff,EID2480477,Yes
Albert,Male,8/14/08,5:43 PM,137840,9.705,False,Business Development,15,Ravencliff,EID2480478,No
Michael,Male,5/22/11,10:42 AM,73354,18.357,False,Business Development,14,Sablecliff,EID2480479,Yes
Richard,Male,7/4/97,11:47 AM,47647,18.787,True,,20,Thorncliff,EID2480480,No
Amy,Female,3/30/08,10:54 PM,106249,15.967,False,Sales,17,Uplandcliff,EID2480481,Yes
,Female,4/27/13,6:40 AM,93847,1.085,,Business Development,6,Vespercliff,EID2480482,No
Beverly,,5/3/95,5:49 AM,104815,3.38,False,Product,12,Wynthcliff,EID2480483,No
,Female,4/26/92,8:01 PM,115436,3.099,,Human Resources,4,Xencliff,EID2480484,Yes
Joe,Male,4/14/00,3:14 PM,50645,11.119,False,Marketing,4,Yellowcliff,EID2480485,Yes
Ashley,Female,8/15/97,9:48 PM,142415,1.985,True,Finance,16,Zioncliff,EID2480486,No
Howard,Male,4/9/12,6:36 AM,37984,2.021,False,Distribution,14,Westbridge,EID2480487,Yes
Cheryl,Female,12/3/14,9:27 AM,71751,15.918,False,Business Development,15,Harrowgate,EID2480488,Yes
Robert,Male,3/11/07,11:20 AM,135882,19.944,False,Legal,18,Silvermere,EID2480489,No
Sharon,Female,7/1/11,9:50 AM,46007,19.731,True,Client Services,3,Blackthorn,EID2480490,Yes
Judith,Female,11/23/07,1:22 PM,117055,7.461,False,Marketing,7,Eldridge,EID2480491,Yes
Nicholas,,9/9/89,7:12 PM,58478,6.525,True,Distribution,9,Foxhaven,EID2480492,No
Jerry,Male,1/30/95,7:51 PM,121357,18.845,False,Business Development,2,Stonewick,EID2480493,No
Craig,Male,11/1/05,11:31 PM,44857,13.266,False,Finance,2,Clearmont,EID2480494,No
Barbara,Female,3/21/02,8:02 AM,47322,7.25,True,Sales,6,Ravenwood,EID2480495,Yes
Eugene,Male,5/24/84,10:54 AM,81077,2.117,False,Sales,4,Ashborough,EID2480496,No
Johnny,Male,2/26/16,7:39 PM,76394,5.437,True,Marketing,7,Greystone,EID2480497,No
Benjamin,Male,5/5/13,3:28 PM,114356,7.123,False,Client Services,10,Pinevale,EID2480498,No
Diana,Female,6/13/94,4:21 PM,41831,4.548,False,Business Development,1,Oak Hollow,EID2480499,No
Barbara,,12/10/80,11:04 PM,90187,14.764,True,Distribution,18,Briarcliff,EID2480500,No
Christine,Female,2/1/03,1:11 PM,72613,11.126,False,Legal,10,Windmere,EID2480501,Yes
Sean,Male,2/11/13,7:07 PM,42748,9.765,False,Distribution,8,Crestview,EID2480502,Yes
Sarah,Female,11/3/80,2:47 PM,37259,1.763,False,Client Services,12,Ironwood,EID2480503,Yes
Roger,Male,8/3/15,4:56 PM,125033,4.887,True,Marketing,12,Lakeshore,EID2480504,No
,Female,6/24/14,10:05 AM,38275,10.494,,Distribution,12,Maplewood,EID2480505,Yes
,Male,4/20/80,1:17 PM,71520,13.248,,Engineering,14,Riversend,EID2480506,No
Donald,Male,7/14/95,7:51 AM,106472,6.499,True,Client Services,14,Thornfield,EID2480507,No
Clarence,Male,11/3/15,12:11 AM,103684,18.654,True,Engineering,15,Willowdale,EID2480508,Yes
Scott,Male,11/23/96,7:36 PM,96111,15.592,False,Human Resources,12,Cedarpoint,EID2480509,Yes
Ann,Female,11/4/84,12:17 PM,90719,6.22,False,Business Development,2,Frosthaven,EID2480510,No
Frank,Male,4/27/03,12:04 PM,140303,17.07,False,Legal,3,Duskwood,EID2480511,No
Joe,Male,7/4/83,7:32 AM,62161,8.13,True,Business Development,6,Emberfield,EID2480512,No
Wanda,Female,4/6/93,3:11 AM,78883,19.695,False,,5,Hazelmoor,EID2480513,No
Jimmy,Male,11/19/13,7:29 PM,63549,19.624,False,,4,Jadeport,EID2480514,No
Amy,,12/25/84,10:52 AM,63888,18.115,True,Product,12,Kestrel Bay,EID2480515,No
Larry,Male,1/8/99,2:05 AM,97370,10.458,False,Sales,20,Lindenvale,EID2480516,Yes
Gloria,Female,4/12/92,8:26 PM,66224,15.979,True,Legal,13,Mistwood,EID2480517,Yes
Ruth,Female,12/12/96,10:07 AM,97915,3.997,True,Human Resources,20,Northridge,EID2480518,No
Diana,Female,1/19/95,12:37 AM,86883,18.003,True,Product,18,Oakenshaw,EID2480519,No
Raymond,Male,2/16/09,10:38 PM,37812,3.178,False,Human Resources,11,Pearlhaven,EID2480520,Yes
Peter,Male,2/22/03,9:09 AM,56580,8.411,True,,12,Quarryville,EID2480521,Yes
,,9/25/81,9:59 AM,83895,17.971,,Engineering,13,Rosewood,EID2480522,Yes
Catherine,Female,8/31/13,7:24 PM,58047,14.858,True,Distribution,5,Shadowmere,EID2480523,Yes
Diane,Female,7/5/82,4:56 PM,124889,15.026,True,Sales,6,Tidewell,EID2480524,No
Peter,,10/13/14,9:33 PM,118840,14.509,True,Client Services,19,Underwood,EID2480525,Yes
Steve,Male,8/22/95,6:58 AM,67780,9.54,True,Human Resources,18,Vesperton,EID2480526,No
Barbara,Female,3/22/04,8:11 AM,144677,8.696,False,Finance,4,Whitestone,EID2480527,Yes
Helen,,12/2/93,1:42 PM,45724,1.022,False,Product,17,Yarrowdale,EID2480528,Yes
Jimmy,,8/26/83,2:48 AM,86676,7.175,True,Product,19,Amberfield,EID2480529,No
Christopher,Male,4/23/14,7:52 AM,82401,7.252,False,Client Services,16,Bluehaven,EID2480530,No
Kathleen,Female,6/13/14,9:16 AM,35575,14.595,False,Distribution,20,Copperwick,EID2480531,Yes
Virginia,Female,5/2/10,9:10 PM,123649,10.154,True,Marketing,15,Driftwood,EID2480532,Yes
Lisa,Female,2/26/05,6:33 PM,38078,10.28,True,Product,16,Evermere,EID2480533,No
Earl,Male,2/11/14,9:03 PM,52620,13.773,False,Product,20,Fairmont,EID2480534,No
Gerald,,1/8/92,3:50 PM,133366,12.292,False,Legal,7,Glenridge,EID2480535,No
Louise,Female,9/18/81,5:47 AM,91462,8.205,False,Marketing,1,Hearthstone,EID2480536,No
Clarence,Male,8/26/82,9:47 AM,146589,4.905,True,Business Development,9,Ironvale,EID2480537,No
Cynthia,Female,9/14/91,1:08 PM,51633,13.472,True,Business Development,9,Juniper Bay,EID2480538,Yes
Adam,Male,10/8/10,9:53 PM,45181,3.491,False,Human Resources,7,Kingsport,EID2480539,Yes
Justin,Male,9/6/99,10:30 AM,62454,3.459,True,Sales,11,Larkspur,EID2480540,No
,Female,12/2/09,3:30 AM,84746,4.82,,Finance,20,Moonridge,EID2480541,Yes
Ruby,Female,5/1/99,3:36 AM,147362,7.851,True,Engineering,12,Newhaven,EID2480542,Yes
Amanda,Female,8/1/04,1:32 PM,80803,14.077,True,Distribution,16,Oakridge,EID2480543,Yes
Anna,Female,4/15/08,2:34 PM,117293,2.366,False,Client Services,2,Pinecrest,EID2480544,Yes
Roger,Male,7/3/10,5:11 PM,105689,13.32,True,Marketing,6,Quail Hollow,EID2480545,Yes
Julie,,2/4/99,5:35 PM,93302,9.048,True,Product,13,Redmoor,EID2480546,No
Joseph,Male,9/10/92,6:50 PM,102555,3.672,True,Product,19,Silverport,EID2480547,Yes
Evelyn,Female,9/22/98,7:55 PM,51525,10.366,False,Finance,20,Thistlewood,EID2480548,Yes
Janice,Female,1/2/84,9:06 PM,41190,3.311,True,Sales,12,Upland,EID2480549,Yes
Sara,Female,2/25/80,10:50 PM,75484,3.186,False,Finance,7,Vinemont,EID2480550,Yes
Gregory,Male,6/18/84,3:46 AM,82726,16.304,True,Marketing,16,Wynthorp,EID2480551,Yes
Philip,Male,7/18/85,6:36 AM,122319,19.122,False,Engineering,11,Xenwood,EID2480552,Yes
Barbara,Female,9/2/91,3:41 PM,127297,11.905,True,Product,17,Yellowford,EID2480553,No
Amanda,Female,6/7/02,7:46 AM,109290,13.853,False,Engineering,7,Zephyr Hills,EID2480554,Yes
Phyllis,,10/25/85,7:11 AM,99150,6.007,False,Client Services,19,Brambleton,EID2480555,No
Anne,Female,10/26/96,8:09 PM,71930,18.451,True,Product,15,Cloudmere,EID2480556,No
Arthur,Male,12/16/14,4:56 PM,66819,6.639,True,Marketing,16,Dawnwood,EID2480557,No
Jane,Female,6/1/94,8:39 AM,42424,18.115,False,Distribution,4,Eastwick,EID2480558,No
Linda,Female,8/18/85,4:34 AM,51431,13.295,False,Engineering,14,Fernvale,EID2480559,No
Ashley,Female,11/17/99,9:18 PM,120675,6.51,False,Human Resources,14,Goldcrest,EID2480560,Yes
Shawn,Male,12/3/09,10:24 AM,96610,2.097,True,Client Services,17,Harborview,EID2480561,No
Kathleen,Female,9/20/96,3:45 PM,71430,8.572,False,Engineering,16,Inverness,EID2480562,Yes
Sara,,10/7/83,1:35 PM,87713,18.863,True,Legal,6,Jadecliff,EID2480563,Yes
Randy,Male,5/2/02,7:39 PM,86723,14.842,False,Engineering,15,Knollwood,EID2480564,No
Andrew,Male,3/29/85,6:57 PM,43414,7.563,True,Client Services,3,Lonepine,EID2480565,No
Marilyn,Female,8/9/06,11:24 AM,87145,17.33,False,Human Resources,7,Meadowbrook,EID2480566,No
Johnny,Male,1/8/95,1:35 PM,91124,12.986,True,Distribution,11,Nettleford,EID2480567,No
,Female,4/1/80,8:04 PM,48141,12.605,,,18,Oakhaven,EID2480568,No
Susan,Female,4/18/86,9:31 AM,90829,19.142,False,Marketing,20,Pineridge,EID2480569,No
Ruby,Female,7/7/80,3:42 AM,101262,6.773,False,Client Services,8,Quartzville,EID2480570,Yes
Kelly,Female,8/16/96,3:09 AM,41427,1.431,False,Product,19,Rockhaven,EID2480571,Yes
Jonathan,Male,4/6/95,10:38 PM,56993,18.623,False,Marketing,11,Sandmere,EID2480572,No
Raymond,Male,1/13/96,4:14 PM,114244,16.69,False,Human Resources,8,Timberlake,EID2480573,No
Kimberly,Female,12/30/81,4:51 AM,81800,5.435,True,,3,Umberton,EID2480574,Yes
,Female,1/13/09,1:01 PM,118736,7.421,,Client Services,10,Valeview,EID2480575,Yes
John,Male,1/22/95,12:17 AM,66077,5.809,True,Product,1,Wintermere,EID2480576,Yes
Michael,Male,7/30/93,5:35 PM,35013,14.879,False,Product,9,Alderwood,EID2480577,No
Jerry,Male,5/4/03,4:29 AM,98393,11.393,False,Client Services,18,Birchfield,EID2480578,No
Amanda,Female,3/17/82,11:46 PM,107111,1.438,True,Product,15,Canyonview,EID2480579,Yes
Harold,Male,10/18/10,8:45 PM,65673,1.187,True,Legal,19,Deerfield,EID2480580,No
Harry,Male,1/27/85,8:18 PM,65482,18.089,False,,15,Elmwood,EID2480581,Yes
Ernest,Male,1/28/90,12:08 AM,81919,15.118,False,Marketing,13,Fallowfield,EID2480582,No
Harry,Male,11/19/82,11:25 AM,59277,10.2,False,Finance,18,Greenvale,EID2480583,Yes
Diane,Female,2/2/88,6:14 PM,49501,13.506,False,Business Development,20,Hawthorn,EID2480584,No
Jack,Male,5/30/12,3:17 AM,70367,18.266,True,Legal,17,Ironbridge,EID2480585,No
Shirley,Female,4/16/88,11:09 AM,132156,2.754,False,Marketing,17,Juniperwood,EID2480586,Yes
Rose,Female,10/30/04,4:34 PM,56961,7.585,False,Marketing,4,Kettleford,EID2480587,No
Cheryl,Female,7/23/82,6:28 AM,98841,8.945,True,Client Services,13,Larchmont,EID2480588,No
Cynthia,Female,5/23/80,3:19 AM,78226,2.419,False,Human Resources,10,Mosswood,EID2480589,Yes
Sandra,Female,4/24/95,7:14 PM,116931,9.657,True,Human Resources,11,Nighthollow,EID2480590,No
Andrea,Female,10/30/94,11:23 AM,87575,13.346,True,Business Development,7,Orchard Vale,EID2480591,No
Rachel,Female,4/22/88,12:01 PM,110924,7.808,False,Distribution,13,Pebbleford,EID2480592,Yes
Justin,Male,5/24/81,11:15 PM,78351,15.221,False,Sales,9,Quarry Ridge,EID2480593,No
Marie,Female,11/23/00,5:06 AM,125574,4.644,False,Sales,5,Ravencliff,EID2480594,No
Louis,Male,4/15/11,5:02 AM,95198,2.075,False,Business Development,20,Sablewood,EID2480595,No
Nancy,Female,5/7/85,10:20 PM,121006,3.512,True,Finance,18,Thornwood,EID2480596,No
Mark,Male,10/3/84,5:31 AM,95728,6.752,True,Business Development,19,Uplands,EID2480597,Yes
Teresa,Female,6/24/87,7:37 PM,69740,8.294,False,Distribution,11,Vesperwood,EID2480598,Yes
Frances,Female,7/21/01,2:34 AM,91996,11.506,False,Product,3,Wychwood,EID2480599,No
,Female,10/11/90,10:57 PM,98385,10.925,,Human Resources,19,Yewdale,EID2480600,Yes
Barbara,,12/20/94,10:09 AM,90556,15.749,True,Distribution,8,Zionvale,EID2480601,Yes
Christine,,6/15/80,6:00 PM,50366,9.862,True,Marketing,11,Ashenford,EID2480602,Yes
Bobby,,7/21/03,3:50 PM,84232,15.704,True,Engineering,16,Boulder Creek,EID2480603,No
Carl,,10/26/91,8:11 AM,100888,12.49,True,Business Development,13,Cedarvale,EID2480604,Yes
Bruce,Male,3/15/13,11:13 PM,141335,15.427,True,Engineering,2,Drakewood,EID2480605,No
Rose,Female,5/20/82,9:14 AM,97691,2.142,False,Client Services,7,Ebonridge,EID2480606,Yes
Mildred,Female,2/21/81,3:30 AM,47266,10.256,False,Client Services,18,Fawn Hollow,EID2480607,Yes
,Male,10/13/83,11:59 PM,139754,12.74,,Sales,1,Glimmerport,EID2480608,Yes
,Female,10/24/93,5:17 PM,116236,17.274,,Engineering,15,Hollowmere,EID2480609,No
Todd,Male,2/16/10,11:29 AM,103405,15.91,False,Sales,1,Ivory Bay,EID2480610,No
Alan,Male,2/17/12,12:26 AM,41453,10.084,False,Product,20,Jasperwood,EID2480611,No
Elizabeth,,2/16/81,3:58 AM,52730,12.525,False,Marketing,15,Kingsmere,EID2480612,Yes
Julie,,10/21/00,1:15 AM,60361,7.099,True,Distribution,2,Lindenwood,EID2480613,No
Teresa,,1/3/92,3:47 PM,63103,11.378,False,Finance,16,Marbleton,EID2480614,Yes
Eric,Male,11/12/04,9:16 PM,65168,11.513,False,Distribution,9,Nexusville,EID2480615,No
Edward,Male,8/30/01,1:24 AM,73105,6.083,True,Engineering,16,Owlwood,EID2480616,Yes
Kimberly,Female,12/6/86,2:23 PM,37916,12.929,True,Distribution,3,Palehaven,EID2480617,No
Kathy,Female,1/14/01,5:11 AM,45682,1.451,True,Marketing,2,Quillford,EID2480618,Yes
Peter,Male,11/24/92,5:43 PM,69297,1.268,False,Finance,11,Rookwood,EID2480619,No
Beverly,Female,10/22/90,2:45 PM,59070,19.064,True,Engineering,3,Slateport,EID2480620,Yes
Ralph,Male,3/7/12,2:25 AM,81215,8.4,False,Finance,7,Talonridge,EID2480621,Yes
Justin,Male,8/10/97,11:00 PM,128036,18.824,False,Client Services,19,Umberwood,EID2480622,No
Irene,Female,6/23/05,11:03 AM,89780,8.999,True,Sales,6,Virewood,EID2480623,Yes
Irene,Female,11/29/06,2:14 PM,125018,9.601,True,Legal,11,Wrenvale,EID2480624,No
Jeremy,Male,11/26/97,8:22 AM,133033,12.2,False,Sales,10,Xanderford,EID2480625,Yes
Cynthia,Female,6/29/15,6:38 AM,82408,8.701,True,Marketing,12,Yarrowwood,EID2480626,Yes
,Female,4/13/97,8:03 AM,131755,2.93,,,17,Zephyrwood,EID2480627,Yes
Anne,Female,11/21/84,12:30 PM,128305,16.636,False,Marketing,10,Bramblewood,EID2480628,No
,,9/2/88,12:49 PM,147309,1.702,,Distribution,16,Cinderford,EID2480629,No
Debra,Female,3/12/83,12:19 PM,74911,19.513,False,Marketing,2,Duskport,EID2480630,No
Michael,Male,7/13/88,1:48 PM,47079,2.617,False,Legal,16,Eldermoor,EID2480631,No
Jason,,3/6/08,1:20 AM,82873,1.869,False,Client Services,19,Fellwood,EID2480632,Yes
Rebecca,Female,2/23/90,3:21 PM,134673,6.878,False,Engineering,19,Galehaven,EID2480633,Yes
Andrea,Female,11/17/11,2:37 PM,123591,6.5,True,Engineering,8,Hazelwood,EID2480634,No
Carl,Male,3/30/87,5:59 PM,75598,19.289,False,,3,Ironcliff,EID2480635,Yes
Randy,Male,9/27/00,3:04 AM,89831,13.047,True,,14,Jadehaven,EID2480636,No
Marilyn,Female,7/2/84,4:06 PM,92430,2.924,False,Engineering,19,Kestrelwood,EID2480637,No
Wayne,Male,9/2/09,1:37 AM,126956,18.396,False,Human Resources,16,Larkwood,EID2480638,No
Frances,Female,11/12/96,6:08 PM,112467,1.433,False,Business Development,9,Mistport,EID2480639,No
Amanda,,8/11/91,2:15 PM,46665,19.391,True,Client Services,11,Nettlewood,EID2480640,No
Kathleen,Female,8/28/04,10:49 AM,42553,3.756,True,Distribution,2,Oakcliff,EID2480641,No
Amanda,Female,1/25/95,5:06 AM,102081,5.203,False,Sales,5,Pinehaven,EID2480642,Yes
Amanda,,3/16/10,9:17 AM,135118,15.108,False,Finance,1,Quartzwood,EID2480643,No
Shawn,Male,9/29/87,10:11 PM,71975,9.77,False,Human Resources,12,Ravenport,EID2480644,No
Katherine,Female,8/13/96,12:21 AM,149908,18.912,False,Finance,5,Sablehaven,EID2480645,No
Anna,,3/13/85,9:19 AM,45418,10.162,False,Marketing,8,Thorncliff,EID2480646,Yes
Elizabeth,Female,2/21/10,7:02 AM,79145,19.78,False,Finance,18,Upland Wood,EID2480647,No
Donald,Male,4/6/88,10:00 AM,122920,5.32,False,,20,Vespercliff,EID2480648,Yes
Gregory,Male,11/15/99,5:22 PM,128031,15.857,True,Business Development,1,Wynthaven,EID2480649,Yes
Ruth,Female,2/17/04,5:38 AM,59969,14.064,True,Finance,19,Xencliff,EID2480650,No
Cynthia,Female,7/5/86,1:24 AM,35381,11.749,False,Finance,14,Yellowwood,EID2480651,Yes
Deborah,Female,11/21/85,1:40 PM,113129,17.371,False,Client Services,2,Zionwood,EID2480652,No
Willie,Male,12/5/09,5:39 AM,141932,1.017,True,Engineering,19,Ambercliff,EID2480653,Yes
Debra,Female,5/28/06,6:51 AM,42296,16.922,False,Product,15,Bluewood,EID2480654,No
Carl,Male,12/14/84,8:49 PM,63395,11.411,False,Legal,5,Copperwood,EID2480655,No
Walter,Male,9/24/07,11:16 PM,125382,13.613,True,Client Services,11,Driftcliff,EID2480656,No
Lisa,Female,2/9/82,6:44 PM,113592,17.108,True,Marketing,6,Everwood,EID2480657,No
Rebecca,Female,3/5/00,10:33 AM,46750,11.367,True,Sales,20,Fairwood,EID2480658,No
Jessica,Female,10/19/86,9:58 PM,90285,13.591,True,Client Services,19,Glenwood,EID2480659,Yes
Steve,,8/27/09,3:41 PM,53692,4.785,True,Marketing,8,Hearthwood,EID2480660,No
Mary,,12/24/86,7:02 PM,100341,6.662,False,Distribution,13,Ironhaven,EID2480661,Yes
Craig,Male,8/21/95,2:38 AM,123876,4.225,False,Engineering,18,Junipercliff,EID2480662,No
Katherine,Female,12/19/00,1:40 AM,41643,4.659,True,Distribution,13,Kingswood,EID2480663,Yes
Andrea,Female,8/31/89,11:10 PM,113760,12.866,True,Distribution,19,Larkhaven,EID2480664,No
Timothy,Male,10/6/10,10:49 PM,49473,12.463,False,Legal,10,Moonwood,EID2480665,Yes
Anthony,Male,2/13/13,1:35 PM,146141,3.645,True,Distribution,10,Newwood,EID2480666,No
Harold,,2/4/04,11:02 AM,79459,7.776,True,Business Development,3,Oakwood,EID2480667,No
Douglas,,2/4/09,2:03 AM,104496,14.771,True,Marketing,10,Pinewood,EID2480668,No
James,Male,12/5/01,7:06 AM,67789,17.105,True,Legal,11,Quailwood,EID2480669,No
Joseph,,3/28/82,1:05 PM,86564,11.879,True,,1,Redwood,EID2480670,No
Martha,Female,9/14/01,3:22 AM,135758,14.782,True,Client Services,10,Silverwood,EID2480671,No
Laura,Female,7/12/00,6:07 PM,84672,3.96,False,Distribution,7,Thistlecliff,EID2480672,Yes
Robert,Male,11/5/82,12:41 PM,111580,10.982,False,Human Resources,5,Uplands Wood,EID2480673,Yes
Ralph,Male,3/24/96,11:54 AM,50455,16.248,False,Business Development,7,Vinewood,EID2480674,No
,Male,8/28/12,7:56 PM,88733,1.932,,Human Resources,7,Wynthwood,EID2480675,No
Diane,Female,10/30/09,6:56 PM,130577,12.791,False,Marketing,13,Xenwood,EID2480676,Yes
Annie,Female,6/6/92,10:04 AM,138925,9.801,True,Marketing,3,Yellowcliff,EID2480677,No
Jacqueline,Female,9/20/94,6:07 PM,62371,15.77,True,Client Services,15,Zephyrcliff,EID2480678,No
Brenda,Female,4/17/84,7:12 AM,87715,2.675,False,Product,4,Ashcliff,EID2480679,No
Lori,Female,9/11/02,7:36 AM,66029,3.345,True,Client Services,5,Boulderwood,EID2480680,No
Albert,Male,6/17/92,3:25 AM,86818,14.301,True,Engineering,13,Cedarcliff,EID2480681,No
Frank,Male,11/23/02,6:10 PM,75147,17.398,False,Product,17,Drakehaven,EID2480682,Yes
Deborah,Female,4/23/00,6:55 PM,105573,5.268,True,Product,15,Ebonwood,EID2480683,No
Robin,,12/20/05,2:42 PM,41230,6.611,True,Distribution,19,Fawnwood,EID2480684,Yes
Alice,Female,1/21/16,5:07 PM,117787,10.485,False,,5,Glimmerwood,EID2480685,No
,Male,10/20/89,9:37 AM,88086,19.387,,Finance,8,Hollowwood,EID2480686,Yes
Paul,,2/18/11,12:23 PM,91462,18.704,False,Finance,18,Ivorywood,EID2480687,No
,Male,12/27/96,7:07 AM,139959,8.992,,Distribution,8,Jaspercliff,EID2480688,Yes
Brian,Male,4/7/07,10:47 PM,93901,17.821,True,Legal,1,Kingscliff,EID2480689,No
Julie,,5/8/80,6:31 AM,50529,17.263,False,Finance,6,Lindencliff,EID2480690,Yes
Bruce,Male,1/28/07,11:10 PM,134988,13.926,True,Sales,3,Marblewood,EID2480691,Yes
Joan,Female,10/2/07,2:53 AM,120941,3.694,True,Finance,4,Nexuswood,EID2480692,Yes
Harold,Male,5/15/07,6:37 PM,118753,8.162,False,Sales,8,Owlcliff,EID2480693,No
Alice,Female,10/16/95,9:19 PM,92799,2.782,False,Sales,15,Palecliff,EID2480694,No
Barbara,Female,11/12/11,12:35 AM,85718,13.326,False,Client Services,6,Quillwood,EID2480695,No
Sarah,Female,4/6/99,11:17 AM,109517,5.146,False,Human Resources,10,Rookcliff,EID2480696,No
Samuel,Male,5/25/12,4:40 PM,85550,11.593,True,Marketing,16,Slatewood,EID2480697,No
,Male,5/23/90,2:09 AM,136655,9.801,,Distribution,9,Talonwood,EID2480698,No
Barbara,,8/2/02,5:13 AM,43312,8.218,True,Legal,20,Umbercliff,EID2480699,No
Amy,,5/19/84,11:47 AM,102839,10.385,True,Distribution,8,Virecliff,EID2480700,No
Frank,Male,3/2/09,9:15 PM,78891,7.927,True,Distribution,11,Wrenwood,EID2480701,No
Robin,,9/16/05,1:26 AM,93201,11.712,True,Legal,4,Xandercliff,EID2480702,Yes
Debra,Female,3/17/11,1:12 PM,84693,6.976,True,Finance,2,Yarrowcliff,EID2480703,Yes
Brandon,,5/31/04,3:36 PM,73587,9.769,True,Human Resources,20,Zephyrvale,EID2480704,No
Thomas,Male,9/7/91,9:51 AM,65251,11.211,False,Distribution,19,Bramblecliff,EID2480705,No
Harry,Male,9/23/15,1:36 AM,129148,15.193,True,Engineering,10,Cinderwood,EID2480706,Yes
Todd,Male,7/4/93,6:53 PM,128175,18.473,True,,6,Duskcliff,EID2480707,No
Patricia,Female,3/7/98,1:10 AM,75825,7.839,False,Engineering,10,Eldwood,EID2480708,Yes
Steve,Male,1/11/02,9:17 PM,51821,1.197,True,Legal,20,Fellcliff,EID2480709,Yes
,Male,4/7/95,4:32 AM,60411,12.048,,Human Resources,20,Galecliff,EID2480710,No
Edward,Male,11/27/97,1:00 AM,58327,17.095,True,Finance,2,Hazelcliff,EID2480711,No
Karen,Female,1/9/14,10:09 PM,46478,16.552,False,Engineering,7,Ironwood,EID2480712,No
Martin,,2/6/01,4:17 AM,123963,15.745,True,Engineering,4,Jadecliff,EID2480713,Yes
Ann,Female,9/28/94,5:44 AM,79796,9.851,False,Distribution,15,Kestrelcliff,EID2480714,No
Jonathan,Male,7/30/84,6:02 PM,83809,12.922,False,Distribution,5,Larkcliff,EID2480715,Yes
Peter,Male,3/22/82,7:28 AM,77933,13.132,True,Engineering,20,Mistcliff,EID2480716,No
Eric,Male,6/15/93,3:56 AM,51070,13.806,True,Business Development,2,Nettlecliff,EID2480717,Yes
Jason,,4/15/88,8:16 PM,97480,11.518,False,Human Resources,13,Oakcliff,EID2480718,Yes
Terry,Male,10/21/10,11:18 PM,58357,7.969,False,Engineering,17,Pinecliff,EID2480719,No
John,Male,1/29/99,3:07 AM,67165,13.001,False,Engineering,17,Quartzcliff,EID2480720,No
Marie,Female,4/8/83,2:01 PM,145988,18.685,True,Human Resources,11,Ravencliff,EID2480721,No
Harold,Male,4/16/10,5:13 AM,147417,11.626,True,Business Development,4,Sablecliff,EID2480722,No
Joshua,Male,6/27/97,3:23 PM,95003,5.197,True,Marketing,11,Thorncliff,EID2480723,Yes
Brandon,,9/5/92,2:32 AM,144187,11.416,True,Legal,9,Uplandcliff,EID2480724,No
Andrea,Female,12/10/01,6:40 AM,37888,13.47,False,Engineering,16,Vespercliff,EID2480725,No
Jeremy,Male,5/19/91,1:40 PM,131513,1.876,True,Finance,17,Wynthcliff,EID2480726,No
Daniel,Male,2/29/16,4:04 AM,77287,13.0,True,,3,Xencliff,EID2480727,Yes
Roy,Male,5/10/04,1:22 PM,46875,12.942,True,Sales,6,Yellowcliff,EID2480728,No
Dorothy,Female,10/8/08,12:22 AM,82744,19.111,True,Client Services,11,Zioncliff,EID2480729,No
Steven,Male,9/7/86,12:32 AM,43252,18.892,False,Client Services,13,Westbridge,EID2480730,Yes
Nicole,Female,4/26/09,12:40 AM,66047,18.674,True,Marketing,6,Harrowgate,EID2480731,No
Ann,Female,7/16/01,9:27 AM,118431,12.772,True,Finance,1,Silvermere,EID2480732,No
Henry,Male,5/12/86,2:04 AM,59943,1.432,False,Finance,6,Blackthorn,EID2480733,No
,Male,6/17/09,1:00 PM,136681,3.655,,Business Development,13,Eldridge,EID2480734,No
,Female,12/18/94,8:42 PM,138807,1.4,,Human Resources,15,Foxhaven,EID2480735,Yes
Barbara,Female,11/26/02,5:32 AM,82884,6.837,True,Business Development,5,Stonewick,EID2480736,Yes
Judy,Female,4/5/11,1:44 AM,48668,11.716,True,Product,4,Clearmont,EID2480737,Yes
Lawrence,Male,7/23/11,3:41 AM,122971,14.618,False,Product,2,Ravenwood,EID2480738,Yes
Joseph,Male,10/10/10,11:12 PM,107050,12.737,False,Business Development,16,Ashborough,EID2480739,No
Carlos,Male,1/25/81,10:00 AM,138598,14.737,False,Sales,12,Greystone,EID2480740,No
Russell,,5/9/09,11:59 AM,149456,3.533,False,Marketing,17,Pinevale,EID2480741,No
Jane,Female,7/10/99,7:02 PM,128540,15.941,False,Legal,15,Oak Hollow,EID2480742,No
Martin,Male,2/25/16,6:29 PM,61117,2.844,False,Client Services,16,Briarcliff,EID2480743,No
Steven,Male,5/30/80,8:25 PM,100949,13.813,True,Human Resources,14,Windmere,EID2480744,Yes
Judy,,7/15/11,3:38 PM,46829,5.19,True,Finance,11,Crestview,EID2480745,No
James,Male,2/16/08,2:49 AM,69111,14.625,True,Business Development,10,Ironwood,EID2480746,No
Gloria,Female,8/19/04,10:31 AM,46602,1.027,True,Business Development,8,Lakeshore,EID2480747,No
Ernest,Male,6/30/01,1:46 PM,61181,16.559,False,Business Development,11,Maplewood,EID2480748,Yes
Martha,Female,7/17/97,11:11 PM,94963,19.626,True,Business Development,11,Riversend,EID2480749,No
Janet,,1/25/86,5:48 AM,85789,9.712,False,Legal,13,Thornfield,EID2480750,No
Louis,,2/5/83,6:39 PM,145274,16.379,False,Product,8,Willowdale,EID2480751,No
Tina,Female,8/6/99,3:18 AM,102841,3.369,False,Client Services,5,Cedarpoint,EID2480752,No
Henry,Male,2/23/07,3:24 AM,49665,18.338,False,Business Development,2,Frosthaven,EID2480753,Yes
Antonio,Male,6/6/99,10:54 PM,41928,5.478,True,,10,Duskwood,EID2480754,No
Lisa,Female,4/11/07,1:04 AM,128042,2.03,True,Legal,18,Emberfield,EID2480755,Yes
Denise,Female,2/19/84,6:22 AM,86150,3.997,False,Client Services,17,Hazelmoor,EID2480756,Yes
Stephen,Male,10/21/84,6:26 AM,121816,10.615,True,Distribution,4,Jadeport,EID2480757,No
Benjamin,Male,4/12/88,11:32 PM,123409,7.783,False,Product,14,Kestrel Bay,EID2480758,No
Carl,,8/18/07,8:01 AM,98295,7.617,True,Legal,18,Lindenvale,EID2480759,No
Ruth,Female,9/2/80,6:52 AM,59678,10.895,False,Distribution,12,Mistwood,EID2480760,No
Shawn,Male,12/29/06,3:05 AM,57871,4.02,True,Human Resources,17,Northridge,EID2480761,Yes
Jennifer,Female,3/31/15,7:43 PM,132084,10.006,True,Engineering,11,Oakenshaw,EID2480762,Yes
Terry,Male,11/10/04,4:33 AM,35633,3.947,True,Distribution,12,Pearlhaven,EID2480763,No
Jacqueline,Female,7/27/08,12:08 PM,125298,3.019,True,Legal,6,Quarryville,EID2480764,No
Roger,Male,5/2/88,10:04 PM,115582,15.343,True,Sales,15,Rosewood,EID2480765,Yes
Alice,,4/23/95,6:35 AM,148339,11.479,True,Finance,12,Shadowmere,EID2480766,Yes
Justin,Male,7/25/91,12:45 AM,112975,9.699,False,Human Resources,13,Tidewell,EID2480767,Yes
Janet,Female,7/12/08,12:10 PM,36927,18.769,False,Client Services,17,Underwood,EID2480768,No
Robin,Female,3/26/04,5:41 PM,70248,9.66,True,Sales,11,Vesperton,EID2480769,No
Samuel,,10/7/02,3:08 AM,141305,9.849,True,Marketing,10,Whitestone,EID2480770,No
Katherine,Female,9/22/06,8:08 PM,72002,13.178,True,Product,7,Yarrowdale,EID2480771,Yes
Peter,Male,5/22/91,1:39 AM,102577,12.026,True,Product,5,Amberfield,EID2480772,No
Lillian,Female,8/14/09,5:41 AM,113554,18.018,True,Business Development,7,Bluehaven,EID2480773,No
,Male,10/24/86,9:23 AM,47176,10.736,,Finance,11,Copperwick,EID2480774,Yes
,Female,6/18/00,7:36 AM,106428,10.867,,,2,Driftwood,EID2480775,No
Rose,Female,11/3/99,9:06 AM,75181,6.06,True,Finance,14,Evermere,EID2480776,Yes
Bobby,Male,9/30/04,10:52 PM,79047,18.784,False,Human Resources,15,Fairmont,EID2480777,Yes
Kimberly,Female,4/20/86,3:55 PM,52970,4.513,False,Sales,12,Glenridge,EID2480778,No
Antonio,Male,12/28/03,4:17 AM,137979,5.266,False,Distribution,1,Hearthstone,EID2480779,No
Doris,Female,9/8/84,7:03 PM,114360,17.799,True,Business Development,1,Ironvale,EID2480780,No
Steven,Male,7/5/09,4:55 AM,110306,16.843,True,Human Resources,4,Juniper Bay,EID2480781,No
Lawrence,Male,7/3/95,10:55 PM,46378,9.127,False,,1,Kingsport,EID2480782,No
,Male,5/6/86,4:41 PM,74104,17.68,,Client Services,12,Larkspur,EID2480783,Yes
,,4/15/91,3:39 AM,132505,13.592,,Product,8,Moonridge,EID2480784,Yes
Stephanie,Female,9/14/82,8:14 AM,96649,3.453,False,Sales,4,Newhaven,EID2480785,No
,Female,7/24/82,12:00 AM,57811,8.941,,Marketing,8,Oakridge,EID2480786,No
Sandra,Female,9/7/89,4:17 PM,111468,2.58,True,Product,15,Pinecrest,EID2480787,Yes
Kevin,Male,7/1/05,3:22 PM,141498,4.135,True,Sales,11,Quail Hollow,EID2480788,Yes
Michelle,,3/31/12,6:28 AM,124441,16.353,False,Business Development,7,Redmoor,EID2480789,Yes
Lisa,Female,7/8/00,9:19 PM,40121,6.293,False,Product,6,Silverport,EID2480790,No
Fred,Male,3/3/89,2:27 AM,129712,11.058,False,Finance,2,Thistlewood,EID2480791,Yes
Joseph,Male,11/4/82,9:46 PM,126010,19.601,False,Legal,18,Upland,EID2480792,No
Anne,,4/18/96,11:57 PM,122762,9.564,False,Distribution,3,Vinemont,EID2480793,No
Andrea,Female,7/22/99,9:25 AM,149105,13.707,True,Distribution,15,Wynthorp,EID2480794,Yes
Nicole,Female,3/1/04,5:17 PM,44021,10.286,False,,16,Xenwood,EID2480795,No
Theresa,,10/7/95,10:16 AM,42025,3.319,True,Human Resources,16,Yellowford,EID2480796,No
Catherine,Female,8/31/86,6:20 PM,59970,12.801,False,Client Services,10,Zephyr Hills,EID2480797,Yes
Rose,Female,12/31/82,6:50 PM,145001,19.85,False,Engineering,11,Brambleton,EID2480798,Yes
Lawrence,Male,10/1/84,2:06 PM,102589,17.952,True,Marketing,11,Cloudmere,EID2480799,Yes
Raymond,Male,12/12/86,12:18 PM,47529,2.712,True,Product,15,Dawnwood,EID2480800,No
Clarence,Male,8/5/89,6:11 PM,148941,11.517,False,Product,16,Eastwick,EID2480801,Yes
Ryan,Male,4/15/88,5:18 AM,91109,17.499,True,Human Resources,6,Fernvale,EID2480802,No
Jane,Female,1/12/92,1:23 PM,51923,13.623,False,Business Development,19,Goldcrest,EID2480803,Yes
Lois,Female,7/28/12,11:39 AM,53954,19.075,False,Product,3,Harborview,EID2480804,Yes
Shawn,Male,3/17/08,2:12 PM,39335,10.664,False,Distribution,9,Inverness,EID2480805,Yes
Thomas,Male,5/3/90,9:29 AM,111371,15.081,True,Engineering,11,Jadecliff,EID2480806,No
Kathryn,Female,1/29/08,12:29 AM,86676,6.081,False,Sales,8,Knollwood,EID2480807,No
Mary,Female,11/6/11,8:32 AM,115057,2.089,False,Finance,9,Lonepine,EID2480808,Yes
Julie,Female,3/8/80,5:13 AM,145357,3.459,False,Engineering,1,Meadowbrook,EID2480809,Yes
George,Male,9/27/95,5:04 PM,36749,19.754,False,Finance,1,Nettleford,EID2480810,No
Ralph,Male,2/10/00,4:48 PM,89854,7.227,False,Business Development,19,Oakhaven,EID2480811,Yes
Judith,Female,9/3/89,11:16 AM,134048,6.818,True,Marketing,11,Pineridge,EID2480812,Yes
,Male,12/13/94,10:34 AM,141311,5.478,,Product,8,Quartzville,EID2480813,No
Evelyn,Female,2/10/02,4:44 AM,123621,19.767,True,Marketing,2,Rockhaven,EID2480814,Yes
Rachel,Female,6/23/11,12:52 AM,54941,3.221,True,Distribution,19,Sandmere,EID2480815,Yes
Maria,,1/18/86,8:36 PM,106562,4.0,False,Human Resources,12,Timberlake,EID2480816,Yes
Kelly,Female,3/17/07,6:20 PM,39371,4.068,False,Engineering,13,Umberton,EID2480817,Yes
Ruby,Female,5/31/08,8:41 PM,83112,4.083,False,Marketing,12,Valeview,EID2480818,No
Ann,Female,10/3/80,1:08 AM,96941,10.048,True,Distribution,3,Wintermere,EID2480819,Yes
Kenneth,Male,12/14/85,6:55 AM,47232,17.862,True,Legal,13,Alderwood,EID2480820,No
William,Male,11/18/93,12:27 PM,54058,5.182,True,Human Resources,2,Birchfield,EID2480821,No
,Female,12/27/80,2:27 AM,80399,12.254,,Distribution,14,Canyonview,EID2480822,Yes
Deborah,Female,2/26/09,10:17 AM,118043,7.266,True,Business Development,13,Deerfield,EID2480823,No
,Male,11/12/09,2:30 PM,109411,9.494,,Engineering,10,Elmwood,EID2480824,Yes
Julia,Female,8/18/14,3:12 AM,97566,2.147,False,Marketing,4,Fallowfield,EID2480825,No
Robert,,12/4/00,1:20 AM,69267,5.89,True,Sales,4,Greenvale,EID2480826,No
,,8/1/88,1:35 AM,87103,5.665,,,2,Hawthorn,EID2480827,No
Jesse,,7/16/14,2:24 AM,98811,7.487,False,Legal,17,Ironbridge,EID2480828,Yes
Cynthia,Female,7/12/06,8:55 AM,149684,7.864,False,Product,7,Juniperwood,EID2480829,No
Johnny,Male,1/14/07,2:54 PM,71383,2.097,True,Human Resources,11,Kettleford,EID2480830,Yes
Michael,Male,8/31/02,1:20 AM,81206,19.908,True,Distribution,13,Larchmont,EID2480831,Yes
Kenneth,Male,1/15/15,2:41 PM,69112,7.588,True,Finance,20,Mosswood,EID2480832,Yes
Keith,Male,2/12/03,3:02 PM,120672,19.467,False,Legal,18,Nighthollow,EID2480833,No
Gerald,Male,5/28/10,12:26 PM,96511,9.331,False,Human Resources,1,Orchard Vale,EID2480834,Yes
Carl,,2/11/82,7:54 AM,49325,2.071,True,Business Development,13,Pebbleford,EID2480835,Yes
Douglas,Male,8/4/07,5:23 AM,132175,2.28,False,Engineering,20,Quarry Ridge,EID2480836,No
Carolyn,Female,3/17/04,6:38 AM,118037,13.492,False,Finance,9,Ravencliff,EID2480837,No
Joseph,Male,5/23/85,10:16 PM,139570,15.804,True,Finance,19,Sablewood,EID2480838,No
Billy,Male,4/6/00,3:14 PM,115280,9.153,False,Distribution,8,Thornwood,EID2480839,No
Joyce,Female,7/25/01,6:04 AM,51065,16.807,False,Human Resources,11,Uplands,EID2480840,Yes
Lillian,Female,8/26/02,8:53 AM,103854,4.924,True,Distribution,13,Vesperwood,EID2480841,Yes
Ruby,Female,8/13/06,6:27 PM,48354,19.501,False,Business Development,6,Wychwood,EID2480842,No
Sandra,Female,2/7/98,12:39 PM,132327,19.264,False,Product,5,Yewdale,EID2480843,Yes
Louise,Female,2/26/82,1:03 AM,106362,8.965,False,Sales,14,Zionvale,EID2480844,Yes
Maria,,6/19/85,1:48 AM,148857,8.738,False,Legal,16,Ashenford,EID2480845,No
Brenda,Female,1/3/81,6:01 PM,131131,11.682,False,Client Services,3,Boulder Creek,EID2480846,Yes
Stephen,Male,9/10/90,10:42 PM,129663,15.574,False,Human Resources,1,Cedarvale,EID2480847,Yes
Nicole,,5/2/81,12:03 PM,41449,4.707,False,Finance,17,Drakewood,EID2480848,No
Bobby,Male,6/5/84,7:40 AM,93368,2.88,True,Product,11,Ebonridge,EID2480849,Yes
Ernest,Male,9/6/97,2:02 PM,53335,9.192,False,Product,18,Fawn Hollow,EID2480850,Yes
Charles,Male,9/3/97,10:04 AM,148291,6.002,False,,16,Glimmerport,EID2480851,Yes
Bobby,Male,8/19/96,1:16 AM,147842,16.158,True,,14,Hollowmere,EID2480852,No
Diana,Female,11/19/04,8:47 AM,105066,17.343,True,Business Development,17,Ivory Bay,EID2480853,No
Mildred,Female,4/6/07,10:06 PM,139284,11.39,True,,18,Jasperwood,EID2480854,No
Harry,Male,2/10/85,7:46 PM,63046,10.411,False,Finance,10,Kingsmere,EID2480855,Yes
Phillip,,10/20/03,11:09 AM,89700,2.277,True,,18,Lindenwood,EID2480856,No
Bonnie,,1/18/06,6:52 PM,108946,12.211,False,Finance,3,Marbleton,EID2480857,Yes
Marie,Female,12/8/93,6:28 PM,98406,7.943,True,Product,9,Nexusville,EID2480858,No
Sean,Male,4/25/06,4:51 PM,108581,9.634,False,Human Resources,6,Owlwood,EID2480859,No
Robin,Female,10/1/12,2:44 AM,41808,19.239,False,Business Development,18,Palehaven,EID2480860,No
Phillip,Male,10/7/84,11:05 AM,36837,14.66,False,Marketing,5,Quillford,EID2480861,No
Jerry,Male,3/26/89,4:15 AM,140850,18.855,False,Finance,19,Rookwood,EID2480862,Yes
Ronald,Male,5/25/83,10:05 AM,50426,18.536,True,Sales,20,Slateport,EID2480863,Yes
Phillip,Male,5/15/84,6:15 AM,134120,6.842,False,Human Resources,2,Talonridge,EID2480864,No
Ryan,Male,11/16/12,1:47 PM,57292,6.01,False,,7,Umberwood,EID2480865,Yes
Karen,Female,8/29/97,4:56 PM,80633,16.306,False,Legal,14,Virewood,EID2480866,Yes
Bonnie,Female,8/25/04,2:17 AM,131943,14.249,False,Client Services,20,Wrenvale,EID2480867,No
Earl,Male,6/15/13,3:00 AM,48046,7.737,False,Marketing,18,Xanderford,EID2480868,Yes
Katherine,Female,8/18/13,3:58 PM,97443,13.657,False,Product,11,Yarrowwood,EID2480869,No
Matthew,Male,8/3/95,5:39 AM,135352,7.986,True,Business Development,15,Zephyrwood,EID2480870,No
Cynthia,,11/19/96,10:40 PM,107816,18.751,False,Marketing,3,Bramblewood,EID2480871,No
Gerald,Male,3/29/03,10:37 AM,96329,2.469,True,Engineering,15,Cinderford,EID2480872,No
Brenda,Female,1/18/15,4:39 PM,73749,19.332,False,Business Development,9,Duskport,EID2480873,No
Jason,Male,5/1/98,6:05 PM,75607,4.299,True,Sales,4,Eldermoor,EID2480874,No
Melissa,Female,9/8/94,4:11 AM,98858,3.525,True,Human Resources,20,Fellwood,EID2480875,No
Beverly,Female,4/11/98,2:27 PM,76485,9.212,True,Engineering,19,Galehaven,EID2480876,Yes
Terry,,9/11/92,4:41 PM,41238,8.219,False,Marketing,9,Hazelwood,EID2480877,No
,Male,9/5/80,7:36 AM,114896,13.823,,Client Services,15,Ironcliff,EID2480878,No
Jacqueline,Female,5/25/03,7:13 PM,125418,8.064,False,Distribution,18,Jadehaven,EID2480879,Yes
Amy,Female,5/20/09,6:26 AM,75415,19.132,False,Client Services,16,Kestrelwood,EID2480880,Yes
Robert,,5/25/07,3:17 AM,90998,8.382,False,Finance,14,Larkwood,EID2480881,No
Ruby,Female,1/28/80,11:08 PM,142868,6.318,False,Marketing,10,Mistport,EID2480882,No
Sara,,11/18/14,2:47 PM,135990,14.344,True,Distribution,15,Nettlewood,EID2480883,No
Kathryn,Female,10/27/95,3:39 PM,57300,18.015,False,Marketing,6,Oakcliff,EID2480884,No
Lisa,Female,10/17/03,1:42 PM,73706,18.53,False,Finance,16,Pinehaven,EID2480885,No
Juan,Male,10/6/93,8:52 AM,85871,9.16,False,Product,4,Quartzwood,EID2480886,Yes
Anthony,Male,1/30/14,9:04 PM,96795,14.837,False,Sales,14,Ravenport,EID2480887,Yes
David,Male,12/5/09,8:48 AM,92242,15.407,False,Legal,7,Sablehaven,EID2480888,No
Marilyn,Female,10/8/07,12:32 AM,115149,11.934,True,Legal,7,Thorncliff,EID2480889,No
Margaret,Female,1/4/01,3:07 AM,126924,1.552,True,Finance,9,Upland Wood,EID2480890,No
,Male,11/24/15,3:11 AM,145329,7.1,,Finance,6,Vespercliff,EID2480891,Yes
Timothy,Male,8/25/91,10:37 AM,92587,8.475,False,Finance,10,Wynthaven,EID2480892,No
Brandon,Male,10/23/95,12:04 PM,60263,2.709,False,Sales,20,Xencliff,EID2480893,Yes
Frank,Male,7/27/13,4:32 PM,91406,5.681,True,Business Development,14,Yellowwood,EID2480894,No
Betty,Female,11/19/02,10:40 AM,37005,7.645,True,Marketing,17,Zionwood,EID2480895,Yes
Janice,,11/19/91,6:02 PM,139791,16.968,False,Business Development,9,Ambercliff,EID2480896,No
Victor,Male,3/10/10,5:01 PM,45267,3.942,True,Sales,16,Bluewood,EID2480897,Yes
Kenneth,,2/28/94,10:10 AM,95296,10.146,False,Finance,14,Copperwood,EID2480898,No
Jane,Female,4/27/12,2:12 PM,59680,15.211,True,Business Development,16,Driftcliff,EID2480899,No
Walter,Male,5/21/92,12:39 AM,144701,16.323,True,Marketing,5,Everwood,EID2480900,Yes
Christina,Female,6/23/02,3:18 PM,35477,18.178,False,Human Resources,16,Fairwood,EID2480901,No
Patricia,Female,10/10/95,4:52 PM,119266,6.911,False,Distribution,4,Glenwood,EID2480902,No
,Male,5/23/01,7:52 PM,103877,6.322,,Distribution,11,Hearthwood,EID2480903,Yes
Heather,Female,7/29/83,10:48 AM,47605,14.955,True,Human Resources,16,Ironhaven,EID2480904,No
Stephanie,Female,6/26/88,5:48 AM,136604,6.16,True,Human Resources,4,Junipercliff,EID2480905,Yes
Alice,Female,2/9/13,12:49 AM,121250,4.363,True,Finance,16,Kingswood,EID2480906,No
Frances,Female,5/16/14,8:31 AM,35884,17.667,False,Sales,14,Larkhaven,EID2480907,No
Elizabeth,Female,7/27/98,11:12 AM,137144,10.081,False,Finance,6,Moonwood,EID2480908,No
Janice,Female,12/17/09,6:42 AM,102697,3.283,False,Engineering,17,Newwood,EID2480909,No
Donald,Male,8/1/91,2:25 AM,61999,6.466,False,Product,7,Oakwood,EID2480910,Yes
Melissa,Female,10/22/02,1:20 AM,45223,8.879,True,Legal,12,Pinewood,EID2480911,No
Carl,Male,7/7/10,1:33 PM,54033,15.528,True,Business Development,3,Quailwood,EID2480912,Yes
Joe,Male,12/8/98,10:28 AM,126120,1.02,False,,2,Redwood,EID2480913,Yes
Lois,Female,12/11/15,4:10 PM,99747,6.168,False,Marketing,19,Silverwood,EID2480914,No
Ann,Female,9/28/01,6:37 AM,71958,5.272,True,Distribution,7,Thistlecliff,EID2480915,No
Todd,Male,1/4/83,12:34 PM,115566,6.716,True,Client Services,5,Uplands Wood,EID2480916,Yes
Marilyn,Female,1/16/96,7:18 AM,118369,7.696,True,Business Development,14,Vinewood,EID2480917,Yes
Shawn,Male,3/13/08,5:36 PM,51667,6.339,False,Product,6,Wynthwood,EID2480918,Yes
Ryan,Male,4/27/99,3:41 AM,85858,19.475,False,Client Services,5,Xenwood,EID2480919,Yes
Sean,Male,3/21/09,11:38 AM,131423,8.957,False,Distribution,3,Yellowcliff,EID2480920,Yes
Rose,Female,1/2/02,9:14 PM,49538,9.828,False,Client Services,13,Zephyrcliff,EID2480921,Yes
George,Male,6/5/15,5:40 AM,50369,18.9,True,Sales,2,Ashcliff,EID2480922,Yes
Arthur,Male,12/5/13,8:44 AM,86615,3.412,True,Business Development,19,Boulderwood,EID2480923,No
Irene,,2/28/91,10:23 PM,135369,4.38,False,Business Development,11,Cedarcliff,EID2480924,No
Deborah,Female,11/11/03,4:53 PM,60003,9.624,False,Client Services,9,Drakehaven,EID2480925,No
,Female,8/23/00,4:19 PM,95866,19.388,,Sales,6,Ebonwood,EID2480926,No
Judith,Female,3/1/04,7:32 AM,109324,19.488,False,Distribution,14,Fawnwood,EID2480927,Yes
Philip,Male,3/11/05,10:56 AM,103557,16.014,True,Business Development,18,Glimmerwood,EID2480928,No
Jeffrey,Male,9/20/86,6:06 AM,111376,2.673,True,Business Development,8,Hollowwood,EID2480929,Yes
Theresa,Female,4/27/01,9:17 PM,75661,1.079,True,Legal,16,Ivorywood,EID2480930,No
Nancy,Female,9/10/01,11:57 PM,85213,2.386,True,Marketing,19,Jaspercliff,EID2480931,No
Harold,Male,6/23/12,12:40 PM,140444,3.771,False,Distribution,18,Kingscliff,EID2480932,Yes
Bonnie,Female,12/23/08,9:26 AM,90427,2.01,True,Client Services,6,Lindencliff,EID2480933,No
Doris,Female,7/5/93,5:54 PM,141439,3.799,False,Business Development,20,Marblewood,EID2480934,Yes
Samuel,Male,8/7/97,12:40 PM,43694,3.787,True,Engineering,16,Nexuswood,EID2480935,Yes
Alice,Female,3/23/96,3:09 AM,131952,12.09,False,Engineering,16,Owlcliff,EID2480936,No
Maria,Female,3/14/03,5:23 PM,96250,10.056,False,Business Development,15,Palecliff,EID2480937,No
Aaron,,1/22/86,7:39 PM,63126,18.424,False,Client Services,2,Quillwood,EID2480938,No
Mark,,9/9/06,12:27 PM,44836,2.657,False,Client Services,14,Rookcliff,EID2480939,Yes
Ralph,,7/28/95,6:53 PM,70635,2.147,False,Client Services,17,Slatewood,EID2480940,Yes
Andrew,Male,9/28/90,9:38 AM,137386,8.611,True,Distribution,14,Talonwood,EID2480941,No
William,Male,6/26/97,8:33 AM,104840,15.653,True,Engineering,2,Umbercliff,EID2480942,No
Lori,Female,11/20/15,1:15 PM,75498,6.537,True,Marketing,7,Virecliff,EID2480943,Yes
Wayne,Male,9/8/06,11:09 AM,67471,2.728,False,Engineering,18,Wrenwood,EID2480944,Yes
Kenneth,Male,5/10/06,8:24 AM,101914,1.905,True,Distribution,16,Xandercliff,EID2480945,Yes
Gerald,,4/15/89,12:44 PM,93712,17.426,True,Distribution,10,Yarrowcliff,EID2480946,Yes
,Female,9/15/85,1:50 AM,133472,16.941,,Distribution,12,Zephyrvale,EID2480947,Yes
,Male,7/30/12,3:07 PM,107351,5.329,,Marketing,10,Bramblecliff,EID2480948,No
Ashley,Female,3/31/06,1:24 PM,142410,11.048,True,Engineering,7,Cinderwood,EID2480949,No
Scott,Male,8/20/11,8:08 AM,37385,8.226,True,Business Development,5,Duskcliff,EID2480950,No
Paula,Female,5/21/83,11:42 AM,58423,10.833,False,Business Development,13,Eldwood,EID2480951,No
,Female,9/14/10,5:19 AM,143638,9.662,,,11,Fellcliff,EID2480952,Yes
Teresa,Female,1/22/13,3:17 PM,113425,11.907,True,Human Resources,10,Galecliff,EID2480953,No
Randy,Male,2/25/12,5:33 AM,57266,14.077,False,Product,11,Hazelcliff,EID2480954,No
Joe,Male,1/19/80,4:06 PM,119667,1.148,True,Finance,5,Ironwood,EID2480955,No
Sarah,Female,8/17/14,11:08 PM,127118,11.176,False,Legal,18,Jadecliff,EID2480956,Yes
Beverly,Female,10/17/86,12:51 AM,80838,8.115,False,Engineering,18,Kestrelcliff,EID2480957,No
Jeffrey,Male,2/3/84,1:26 PM,70990,15.901,True,Sales,9,Larkcliff,EID2480958,Yes
Gloria,Female,10/24/87,4:43 AM,39833,9.631,False,Engineering,13,Mistcliff,EID2480959,No
Albert,Male,9/19/92,2:35 AM,45094,5.85,True,Business Development,5,Nettlecliff,EID2480960,Yes
Stephen,Male,10/29/89,11:34 PM,93997,18.093,True,Business Development,19,Oakcliff,EID2480961,Yes
Antonio,,6/18/89,9:37 PM,103050,3.05,False,Legal,15,Pinecliff,EID2480962,Yes
Jonathan,Male,8/21/13,12:45 AM,121797,16.923,False,Product,11,Quartzcliff,EID2480963,No
Ann,Female,9/23/94,11:15 AM,89443,17.94,True,Sales,1,Ravencliff,EID2480964,Yes
Bruce,Male,5/7/80,8:00 PM,35802,12.391,True,Sales,12,Sablecliff,EID2480965,No
Catherine,Female,9/25/89,1:31 AM,68164,18.393,False,Client Services,6,Thorncliff,EID2480966,No
Louis,Male,8/16/11,5:19 PM,93022,9.146,True,Human Resources,16,Uplandcliff,EID2480967,Yes
Thomas,Male,3/12/16,3:10 PM,105681,19.572,False,Engineering,17,Vespercliff,EID2480968,Yes
Louise,Female,3/27/95,10:27 PM,43050,11.671,False,Distribution,19,Wynthcliff,EID2480969,No
Linda,Female,2/4/10,8:49 PM,44486,17.308,True,Engineering,6,Xencliff,EID2480970,No
Alice,Female,9/3/88,8:54 PM,63571,15.397,True,Product,18,Yellowcliff,EID2480971,No
Patrick,Male,12/30/02,2:01 AM,75423,5.368,True,Business Development,6,Zioncliff,EID2480972,Yes
Victor,,7/28/06,2:49 PM,76381,11.159,True,Sales,4,Rumson,EID2480973,Yes
Russell,Male,5/10/13,11:08 PM,137359,11.105,False,Business Development,3,Tinton Falls,EID2480974,No
Harry,Male,8/30/11,6:31 PM,67656,16.455,True,Client Services,13,Cody,EID2480975,No
Susan,Female,4/7/95,10:05 PM,92436,12.467,False,Sales,13,New York City,EID2480976,Yes
Denise,Female,10/19/92,5:42 AM,137954,4.195,True,Legal,4,Rumson,EID2480977,Yes
Sarah,Female,12/4/95,9:16 AM,124566,5.949,False,Product,16,New York City,EID2480978,No
Sean,Male,1/17/83,2:23 PM,66146,11.178,False,Human Resources,15,Brooklyn,EID2480979,Yes
Ernest,Male,7/20/13,6:41 AM,142935,13.198,True,Product,16,Hamilton,EID2480980,Yes
Kimberly,Female,1/26/13,12:57 AM,46233,8.862,True,Engineering,5,Red Bank,EID2480981,Yes
James,Male,1/15/93,5:19 PM,148985,19.28,False,Legal,10,Ashcliff,EID2480982,No
Rose,Female,4/6/82,10:43 AM,91411,8.639,True,Human Resources,13,Boulderwood,EID2480983,Yes
John,Male,12/23/82,10:35 PM,146907,11.738,False,Engineering,13,Cedarcliff,EID2480984,Yes
Maria,Female,10/15/11,4:53 PM,43455,13.04,False,Engineering,18,Drakehaven,EID2480985,Yes
Stephen,,7/10/83,8:10 PM,85668,1.909,False,Legal,1,Ebonwood,EID2480986,Yes
Donna,Female,11/26/82,7:04 AM,82871,17.999,False,Marketing,11,Fawnwood,EID2480987,No
Gloria,Female,12/8/14,5:08 AM,136709,10.331,True,Finance,14,Glimmerwood,EID2480988,Yes
Alice,Female,10/5/04,9:34 AM,47638,11.209,False,Human Resources,14,Hollowwood,EID2480989,Yes
Justin,,2/10/91,4:58 PM,38344,3.794,False,Legal,11,Ivorywood,EID2480990,No
Robin,Female,7/24/87,1:35 PM,100765,10.982,True,Client Services,19,Jaspercliff,EID2480991,No
Rose,Female,8/25/02,5:12 AM,134505,11.051,True,Marketing,8,Kingscliff,EID2480992,Yes
Anthony,Male,10/16/11,8:35 AM,112769,11.625,True,Finance,11,Lindencliff,EID2480993,Yes
Tina,Female,5/15/97,3:53 PM,56450,19.04,True,Engineering,8,Marblewood,EID2480994,No
George,Male,6/21/13,5:47 PM,98874,4.479,True,Marketing,7,Nexuswood,EID2480995,No
Henry,,11/23/14,6:09 AM,132483,16.655,False,Distribution,11,Owlcliff,EID2480996,No
Phillip,Male,1/31/84,6:30 AM,42392,19.675,False,Finance,15,Palecliff,EID2480997,Yes
Russell,Male,5/20/13,12:39 PM,96914,1.421,False,Product,15,Quillwood,EID2480998,No
Larry,Male,4/20/13,4:45 PM,60500,11.985,False,Business Development,20,Rookcliff,EID2480999,No
Albert,Male,5/15/12,6:24 PM,129949,10.169,True,Sales,10,Slatewood,EID2481000,Yes
